city,temperature,condition,description,timestamp,surge
Petermouth,-1.21,Sunny,Mrs right human.,2026-03-15 07:16:27,1.48
Davidshire,26.29,Cloudy,Blue near majority light audience.,2026-03-30 10:39:53,1.16
New Alicia,35.16,Rainy,Project bring soon size about.,2026-01-30 21:15:20,0.42
Lucastown,35.8,Windy,Money after dream church.,2026-03-14 04:13:52,1.91
Jilltown,38.68,Sunny,Happy defense guess television suffer.,2026-05-04 06:42:52,0.18
North Rebecca,3.35,Rainy,Right late teacher money arm.,2026-03-20 03:31:12,0.67
Catherinetown,-7.14,Rainy,Wonder quality attack hot strategy bar.,2026-03-07 23:42:43,1.79
Sheilamouth,37.77,Cloudy,Thus less instead success science change act.,2026-02-14 17:53:58,0.51
Johnsonport,23.71,Cloudy,Together travel add leg professional let.,2026-01-29 10:39:17,0.53
Port Penny,30.04,Rainy,Near whom point bill professional remain.,2026-02-12 13:59:48,2.87
West Donald,28.2,Sunny,Experience arrive hospital interview finally enter act water.,2026-02-11 00:36:29,2.64
Amberberg,9.94,Snowy,Poor charge plant scene.,2026-01-06 15:59:18,2.99
New Paulaton,14.92,Snowy,Side big speak opportunity school strategy guy.,2026-03-30 23:10:38,1.91
New James,-6.86,Snowy,Small stage store true my.,2026-03-15 04:57:28,2.37
South Gabriela,33.57,Rainy,Resource responsibility movement star local research force right.,2026-03-18 11:15:14,2.7
Denisemouth,28.42,Windy,Whether concern mind how discuss bad our.,2026-03-01 21:31:53,2.09
West Jennifer,20.86,Cloudy,End major while.,2026-02-03 03:10:34,1.09
East Stevenstad,35.32,Snowy,Which surface bar ball painting once hot.,2026-03-18 14:30:11,2.04
Port Michael,32.52,Sunny,Lay positive suffer meeting protect note lay.,2026-04-11 11:12:50,1.63
Johnsonmouth,13.48,Sunny,Mention range wind like strategy range five real.,2026-01-31 22:08:25,0.11
Lake Brookeview,-1.92,Cloudy,If which explain.,2026-04-21 15:35:29,2.18
North Kari,20.81,Snowy,Social continue affect teach.,2026-01-31 16:52:20,2.53
Andersonview,36.39,Windy,Employee long argue center top.,2026-04-23 10:07:34,2.06
Spearsberg,12.42,Cloudy,Mention dream itself reach water interesting person happy.,2026-02-20 23:58:59,2.05
Laurenfort,28.01,Sunny,Practice state born share music at pick bill.,2026-01-24 15:14:29,1.8
Port Monique,-4.17,Windy,Recently dog hit community human history seem they.,2026-02-20 21:42:48,2.24
New Cynthiafort,-1.45,Windy,Artist soon maybe pull become edge account.,2026-01-29 13:44:39,2.64
Leestad,31.99,Snowy,Best when career key girl.,2026-01-22 12:50:30,0.24
West Davidberg,10.06,Windy,Space performance yeah response.,2026-05-02 17:08:04,0.57
East Terrenceland,10.49,Sunny,Stock cell hotel carry ground enjoy surface culture.,2026-04-05 14:05:28,0.63
Lake Stephenmouth,19.93,Sunny,Effort sense Congress growth cause.,2026-01-22 18:00:04,1.16
Taraside,-1.56,Windy,Process apply always while.,2026-03-26 05:14:18,1.36
East Christina,36.23,Windy,Central method listen however financial.,2026-01-19 14:38:07,1.02
North Andrea,6.97,Snowy,Up prevent reveal win bill federal.,2026-01-24 02:55:17,1.19
Port Derekborough,25.24,Sunny,Ball traditional and it attack leader.,2026-02-14 08:33:22,2.27
West Hailey,16.84,Sunny,Begin personal future mouth low in face.,2026-01-08 22:32:56,2.8
West Richard,9.78,Rainy,Campaign until to state agent fear.,2026-01-14 01:47:31,0.98
East Kellyfort,36.01,Windy,Ball send white church kid page charge.,2026-01-24 17:03:25,0.71
West Joseph,18.87,Sunny,Anything partner specific send.,2026-02-26 15:43:36,1.07
Barbarashire,29.51,Snowy,Order out store lay eye wrong rich.,2026-01-08 10:52:06,2.54
New Thomasville,-5.3,Windy,As move against necessary audience southern federal.,2026-02-13 15:50:04,2.34
New Belinda,0.63,Cloudy,Order treat heavy six husband.,2026-04-06 21:02:53,0.34
Briggsshire,14.3,Sunny,People common up over community grow.,2026-01-28 22:05:15,0.09
Valenzuelafort,26.28,Windy,Bed themselves thought step.,2026-03-14 16:15:42,0.16
Hawkinsbury,36.9,Sunny,Consider their so.,2026-01-07 07:05:52,0.2
West Stephanieton,10.1,Cloudy,Professional here strategy word art add subject.,2026-03-04 13:17:17,1.21
Anthonyton,39.92,Rainy,I along in wide pretty several entire.,2026-01-24 09:21:13,1.45
North Kyle,-2.76,Cloudy,Usually great trade you.,2026-03-13 02:10:52,1.39
Cindyhaven,37.09,Rainy,Effect forget school ability those offer.,2026-01-12 02:32:22,1.62
New Jeremy,-0.41,Sunny,Involve nation boy list stuff.,2026-03-15 16:24:51,2.87
Lake Jonathanmouth,10.08,Windy,Big school hold themselves.,2026-05-01 16:32:27,2.73
East Robinmouth,-7.46,Rainy,Material quality wonder party minute plan.,2026-03-29 22:21:08,0.53
South Raymondbury,28.79,Cloudy,Box certainly course message police.,2026-01-04 10:29:43,0.7
Port Renee,21.52,Cloudy,Same great certainly because kitchen usually capital.,2026-02-18 21:47:49,2.23
Scottchester,-6.37,Snowy,Night among quite approach beautiful.,2026-03-04 18:21:37,1.84
Smithchester,3.02,Windy,Class often address cultural company response.,2026-04-20 22:02:27,1.92
Ashleyland,32.81,Cloudy,Guess degree trade PM which role mouth.,2026-01-01 19:27:03,2.08
Stevensberg,-0.83,Sunny,Future account mention together.,2026-01-24 19:46:33,2.54
New Ashley,9.4,Windy,After notice unit reach mention middle point.,2026-01-20 16:19:40,1.02
Bryanside,12.69,Snowy,Food move themselves land writer.,2026-01-17 16:56:03,1.09
Gibsonville,22.86,Rainy,Shoulder drop exactly write great color drop.,2026-01-30 11:51:16,0.35
Port Patrick,6.55,Rainy,Black bring star.,2026-04-10 11:37:33,0.18
Mccartychester,29.23,Rainy,Line account piece cup media meeting nation.,2026-04-11 09:22:23,1.86
Hoffmanfort,-6.48,Rainy,Pattern much song.,2026-02-23 10:09:43,2.24
Traceyville,26.26,Snowy,Clear teacher view hundred high.,2026-03-06 00:01:54,1.35
Jeffreyhaven,-1.48,Windy,Store boy bed article population low training church.,2026-01-14 08:55:13,0.91
North Josephfort,10.14,Cloudy,By generation final policy center cell too eight.,2026-03-17 22:13:42,2.87
Kellerfurt,0.85,Rainy,Ready manage ever keep understand out.,2026-01-03 18:26:17,2.79
North Alexander,-0.5,Rainy,Hour minute what media finally former listen.,2026-02-12 16:45:52,0.43
New Brittanyborough,25.71,Windy,White source network foot article.,2026-01-19 19:34:44,1.46
West James,31.06,Windy,Or the bring identify support.,2026-05-02 07:52:41,2.12
Andersonstad,-2.05,Windy,Behind usually also.,2026-01-20 13:43:15,1.53
Henryhaven,19.64,Sunny,Science learn early fish animal.,2026-02-07 11:32:12,0.81
North Ianfurt,14.25,Cloudy,Tax fight information.,2026-03-03 15:55:18,0.75
Port Stephen,18.08,Cloudy,Woman save could couple as lot.,2026-01-04 15:02:49,1.05
Dunlapstad,31.28,Rainy,Play but friend speak worry our year.,2026-02-06 03:11:43,2.76
Lake Jasonfurt,20.68,Sunny,Alone no arm good car front century.,2026-01-02 04:02:13,1.23
Robertsside,0.64,Snowy,Cover reality leader instead old along collection.,2026-04-04 06:36:05,1.3
East Jaredhaven,27.24,Cloudy,Western fine recognize according heart tend.,2026-04-18 20:06:25,1.54
Port Brooketon,-3.07,Sunny,Dog her table line special lay.,2026-04-13 09:03:19,0.09
Port Georgefurt,-7.22,Snowy,Create suffer available maintain eight value left.,2026-01-02 05:26:42,2.17
East Mackenzie,17.03,Snowy,Ten range next.,2026-03-23 17:53:27,1.15
West Beverlystad,10.89,Cloudy,Store body look ago.,2026-04-23 07:49:16,0.32
East Deborahton,33.58,Sunny,Clearly art poor.,2026-01-30 09:18:58,1.59
North Anthonyberg,23.91,Cloudy,Civil environment common.,2026-01-30 19:31:53,2.75
Port Kathy,31.12,Rainy,Who think computer eat argue start board.,2026-02-23 05:18:24,1.24
Lake Theresafort,5.66,Rainy,Drive floor expect half should wait put fight.,2026-02-23 21:21:18,2.76
Brownview,35.34,Sunny,Indicate central likely.,2026-04-16 09:56:54,2.64
East Julie,24.06,Windy,Happen lay your whole study book.,2026-02-20 15:37:07,1.55
East Kevin,-6.84,Rainy,When similar house their.,2026-03-25 14:59:49,2.5
South Lauramouth,10.46,Cloudy,Dark member ground process play laugh.,2026-01-03 11:41:10,0.41
Jessicaton,0.57,Snowy,Tell positive pick less together but eat.,2026-01-22 08:55:10,2.82
South Barbarabury,38.43,Windy,Show above name business need.,2026-04-02 01:34:39,0.32
Brooksfort,17.85,Rainy,Executive gas pressure often interview then common.,2026-02-04 15:28:03,0.25
Victoriaburgh,5.21,Cloudy,Health move summer than available direction moment.,2026-03-31 12:43:01,2.24
Port Michaelborough,11.14,Windy,Firm tell including group.,2026-02-05 14:31:42,0.98
West Miguelmouth,4.87,Snowy,Line second activity it civil resource marriage.,2026-04-11 20:25:31,1.48
Port Amy,18.62,Cloudy,Pick money environmental thing enter save.,2026-01-03 06:48:48,0.78
East Sarah,18.0,Sunny,Central human now whatever.,2026-03-30 17:55:03,0.59
Williamstown,2.0,Cloudy,Thing court we though.,2026-01-15 21:25:38,2.52
Jennifermouth,33.25,Cloudy,Audience like bad able during act water.,2026-04-22 08:13:34,2.25
Port Robertside,13.09,Snowy,Stuff throw whether environmental husband ok.,2026-01-13 04:15:04,1.57
South Toddburgh,9.55,Snowy,Bring hour fill with second artist.,2026-03-29 05:36:46,1.18
North Tiffanyborough,32.12,Cloudy,Size draw machine your lay nature.,2026-02-12 17:38:48,1.76
Port Alexisville,32.72,Windy,Cup course information give player make among.,2026-04-21 23:08:36,2.95
Lake Claytonchester,31.6,Sunny,Oil no expert huge whose traditional.,2026-02-22 04:56:10,1.66
Lake Richardville,25.27,Sunny,Reflect approach discuss.,2026-02-21 05:35:25,1.84
Kaylashire,36.92,Windy,Including at however participant.,2026-03-10 23:16:04,2.93
West Rebecca,-2.62,Rainy,Source word how boy sing.,2026-01-20 05:13:57,2.19
Lake David,33.82,Windy,Quite early own believe officer outside girl.,2026-04-11 15:15:43,0.98
Michaelchester,39.67,Sunny,Traditional part letter far suggest.,2026-04-09 08:12:40,0.76
South Zacharytown,23.17,Windy,Candidate street beautiful sit.,2026-02-05 11:57:09,0.59
Port Mary,4.93,Rainy,Base pick reveal art.,2026-03-11 19:15:43,1.64
East Lindafort,-9.19,Sunny,According specific available instead.,2026-02-06 22:58:42,1.18
Lake Steven,11.57,Windy,Item reveal good interest suddenly.,2026-03-20 03:37:01,0.86
South Lynn,7.97,Cloudy,Rest soldier expect soon.,2026-02-19 21:43:49,0.99
West Helen,-3.31,Cloudy,Opportunity like interview establish production great site skill.,2026-04-21 23:33:34,0.35
Fletcherville,30.6,Cloudy,Ask institution class material economic responsibility close.,2026-04-22 17:27:43,1.71
East Jacobbury,34.39,Snowy,Crime tend save.,2026-03-22 05:10:33,0.14
West Teresafort,25.14,Sunny,Them stock area.,2026-01-16 20:17:37,0.65
Evanshaven,-0.17,Rainy,Choice sound well sit hair.,2026-04-09 00:14:52,1.31
South Elizabeth,1.94,Rainy,Land north throw training reveal.,2026-03-17 07:35:41,2.11
Davidbury,-4.2,Rainy,Human election about most already raise so much.,2026-01-19 03:44:15,1.43
South Sethshire,30.91,Snowy,Throughout better close kid pressure.,2026-02-17 07:28:59,1.03
Williamsside,34.83,Snowy,Article feel night as.,2026-01-31 04:02:51,1.88
Manuelhaven,15.0,Rainy,Per executive different east.,2026-03-09 01:09:53,2.44
Amandaton,26.66,Rainy,Treat serious current order think raise weight prepare.,2026-01-26 12:18:19,1.64
Lake Rachelton,31.29,Cloudy,Production thought despite boy.,2026-02-11 08:14:19,1.59
North Mistyhaven,38.13,Snowy,Magazine employee strong answer main worker pattern mouth.,2026-01-22 16:59:45,2.13
West Christine,-5.45,Cloudy,Perhaps direction good people other.,2026-05-02 15:58:30,1.04
Francisfort,17.1,Snowy,Benefit live inside listen get our instead.,2026-02-19 00:55:12,2.91
Michaelville,9.98,Cloudy,Thus happen feel discuss number power significant partner.,2026-01-30 09:31:41,0.19
Margaretville,10.5,Snowy,The building friend work.,2026-04-02 23:16:50,1.3
Hickmanport,10.93,Snowy,Door attention five tax early.,2026-04-22 19:51:42,2.34
New Randyview,39.74,Snowy,Offer democratic world hold yet.,2026-04-16 07:58:27,0.07
Cartershire,17.56,Cloudy,Change early another.,2026-02-26 06:19:29,1.75
South Anthony,-6.03,Cloudy,Know try interesting school upon.,2026-04-17 19:30:44,2.1
Lake David,28.72,Rainy,Car can during subject.,2026-01-19 03:50:32,2.32
Timothyborough,19.96,Cloudy,Skill democratic citizen only design energy.,2026-03-28 15:35:51,1.35
Thomasside,12.87,Windy,Drive discuss past side should.,2026-03-05 12:48:16,1.75
Taylorport,11.3,Cloudy,Side forget policy itself once entire must.,2026-01-16 01:44:51,2.48
South Zacharyfort,31.2,Cloudy,She want care worker visit report dark current.,2026-04-19 18:22:48,2.54
West Deborahview,-4.84,Snowy,Effort wonder believe keep newspaper guy.,2026-02-24 05:32:34,2.35
New Jennifer,38.13,Snowy,Prevent according fast speak west rise.,2026-03-28 18:40:56,0.67
Perezchester,-8.76,Sunny,Capital week treatment wind deal do glass.,2026-03-14 09:46:11,0.9
Tamaraside,7.19,Snowy,View own conference professional claim back.,2026-02-09 02:09:45,0.8
Catherineberg,16.47,Rainy,Son organization assume pressure appear appear impact.,2026-03-03 02:33:56,1.67
Shannonbury,30.6,Sunny,Dog serve the crime agree show.,2026-01-16 12:17:18,1.93
Lake Samanthachester,10.37,Rainy,Low wonder four audience audience everyone statement clear.,2026-03-11 09:40:30,1.92
Levymouth,26.16,Snowy,Admit quality matter wait top offer dinner by.,2026-02-20 17:50:14,2.6
Port Erikside,2.54,Sunny,Congress him detail hospital main represent when.,2026-01-09 07:17:05,1.04
South Alyssaland,-4.56,Windy,Game son program exist economy hotel ok.,2026-02-18 00:13:36,0.65
New Amber,8.22,Cloudy,High send politics age.,2026-04-14 09:25:11,2.33
Robynside,5.28,Sunny,Technology trouble professional commercial for plant student.,2026-02-05 19:49:51,1.96
Campbellside,-4.66,Windy,Section foreign I.,2026-01-28 08:30:03,0.25
Whitneyland,3.87,Snowy,Expert environment another else phone image.,2026-02-01 22:26:25,0.81
Bergerstad,-7.02,Sunny,Shake fill coach have standard boy.,2026-01-30 10:58:44,2.35
East Christophermouth,34.87,Cloudy,Several no teach continue daughter better.,2026-02-07 12:33:23,0.23
West Beckytown,19.54,Cloudy,Board travel painting require participant thus scientist.,2026-04-15 06:57:49,1.73
East Timothymouth,17.79,Rainy,Agency four bit.,2026-01-30 04:54:55,1.17
Fernandezton,11.14,Rainy,Religious top past.,2026-03-02 08:20:47,2.17
North Wendy,21.99,Windy,Song type offer sign.,2026-04-23 13:43:56,2.55
East Elizabeth,12.91,Snowy,Movement memory argue type either read.,2026-04-29 04:27:11,0.13
Tannertown,15.12,Sunny,Author now word page popular clearly view.,2026-02-06 15:46:38,0.36
East James,3.19,Sunny,Can kitchen little themselves.,2026-04-23 21:50:27,0.4
East Reneeborough,30.2,Windy,Rock Congress forward matter participant free.,2026-02-13 18:56:40,0.13
Chavezport,-0.85,Cloudy,Mind reveal defense scene.,2026-02-11 20:38:09,1.42
Jacksonland,-8.33,Snowy,You than reduce left safe do woman.,2026-03-23 13:54:58,2.09
West Jamesstad,11.93,Snowy,Huge ok point maintain.,2026-04-07 07:30:41,2.9
Robersonview,-4.15,Sunny,Popular young task election official where.,2026-01-15 08:27:21,0.61
New Cathy,36.11,Sunny,Six lead partner yet walk win audience.,2026-02-07 03:27:53,1.14
Janetville,12.85,Rainy,Program process lay imagine.,2026-04-30 15:37:26,0.91
Port Wayne,34.12,Cloudy,Instead husband north adult such what.,2026-01-15 22:10:00,1.91
South Jaimeburgh,20.32,Cloudy,Again better audience responsibility establish body.,2026-04-30 20:19:18,2.28
Jordanburgh,3.55,Windy,Develop guy buy.,2026-01-05 14:58:15,2.19
Martinberg,-7.07,Sunny,Economic model factor window.,2026-01-10 11:57:31,0.6
West Catherine,33.92,Windy,Already important writer sign.,2026-03-04 07:33:47,1.74
Sheilatown,31.23,Rainy,Glass respond challenge tax analysis on.,2026-01-07 04:47:19,1.61
North Jamiestad,16.6,Rainy,Art find show.,2026-03-28 15:00:41,0.34
Hernandezstad,38.64,Windy,Size car stay environmental medical industry.,2026-02-01 10:30:59,2.48
Melissaview,26.9,Sunny,Interesting whether community reveal.,2026-01-08 15:00:01,2.42
North Seanberg,31.64,Sunny,Model scientist crime research.,2026-02-08 02:39:51,0.12
Carpenterfort,26.68,Sunny,Church especially long decision above.,2026-01-19 14:04:15,2.94
Lake Laurenshire,11.14,Snowy,Speak beat western everybody company.,2026-01-24 19:50:50,0.34
Fordchester,4.43,Snowy,Assume space just forward here.,2026-04-28 23:55:43,1.47
Leeton,19.68,Snowy,Her during source its throughout save understand.,2026-04-01 18:27:43,1.7
North Chelsey,13.69,Rainy,Generation law evening law local economy.,2026-02-03 07:59:14,0.32
East Samuelburgh,11.06,Cloudy,Forward center smile artist set.,2026-01-06 01:40:21,0.07
Randyberg,25.77,Cloudy,Figure expert owner interview begin treatment bed.,2026-02-25 04:11:36,0.49
Port Wendy,29.29,Sunny,Result place wide seat before.,2026-04-13 08:33:40,1.48
East Jeanette,12.54,Cloudy,Bring stay support if.,2026-02-02 06:10:33,1.89
Richardton,21.51,Rainy,Never appear card drug sometimes white.,2026-02-10 04:39:45,2.16
North Marcia,39.59,Snowy,Well recent light little mention.,2026-03-03 15:00:14,0.33
Howardborough,14.42,Sunny,Center determine start nothing draw still game large.,2026-04-25 16:43:13,0.08
Robertsonfurt,-1.74,Rainy,Strategy ability culture wind speak kitchen.,2026-03-15 15:47:28,1.04
Port Andrewshire,-0.59,Cloudy,A pay fine management star see.,2026-01-27 13:59:27,2.6
Fostermouth,2.9,Snowy,Son interview go trouble professor cut fear.,2026-02-23 04:57:14,1.63
Turnertown,30.91,Windy,Walk three dog join.,2026-04-23 10:20:28,2.95
Aliciaport,25.72,Windy,Through respond respond might part painting experience.,2026-05-02 17:03:10,0.41
Port Jose,30.27,Cloudy,Wind guy itself energy million.,2026-01-09 19:26:39,0.27
Hebertville,16.19,Snowy,Suddenly require stay analysis all newspaper main lawyer.,2026-04-10 06:59:29,0.83
Finleyton,-4.7,Cloudy,Wear decade prove choice dream form themselves.,2026-01-13 01:28:44,0.45
Smithtown,33.3,Sunny,Sing interview a painting cell pick wonder.,2026-04-13 20:42:49,1.05
Port Ericahaven,6.34,Cloudy,Next cause make yourself.,2026-01-12 00:29:06,0.51
North Adam,6.12,Rainy,Imagine usually threat.,2026-04-09 21:11:16,2.24
East Jessicahaven,-7.88,Rainy,Yet return experience always.,2026-04-09 16:36:32,2.62
Taylorfurt,30.11,Sunny,Nor heart who positive will each.,2026-02-04 10:36:40,0.43
West Matthewton,-9.11,Windy,Newspaper hard respond accept.,2026-04-13 08:00:35,0.6
Garciafort,-3.98,Sunny,Choose hear remember point company cup name customer.,2026-04-21 05:20:54,0.78
New Alexanderside,28.72,Sunny,Require computer throughout.,2026-02-26 01:30:59,0.22
North Mary,31.17,Rainy,Every do seem not large hundred change.,2026-03-02 03:16:48,1.08
East Julian,34.06,Sunny,Girl billion if image series grow.,2026-02-01 02:35:07,1.69
Lake Micheleton,25.04,Cloudy,Improve sound his visit.,2026-03-14 10:29:40,2.04
North Timothyhaven,33.95,Rainy,Place use indicate assume.,2026-04-05 05:45:37,0.84
Port Rachel,0.26,Cloudy,Every my billion market can.,2026-01-11 17:39:11,0.63
Port Davidstad,1.33,Cloudy,Hundred feel special really pass since.,2026-02-25 11:01:29,1.53
Ramosside,27.03,Cloudy,Kid space create table citizen.,2026-04-20 04:29:41,0.85
Meredithland,30.66,Cloudy,Occur decide relationship cover believe.,2026-01-13 14:02:18,1.83
Kimberlyview,33.16,Cloudy,Direction Democrat long police.,2026-01-13 09:48:27,2.1
South Christineton,34.66,Cloudy,Free executive stay stay take network.,2026-03-28 19:17:14,0.95
New Patrick,-9.47,Cloudy,Health member add.,2026-04-12 16:06:58,1.23
South Tommy,8.73,Rainy,Number phone fast no approach.,2026-01-30 02:51:32,1.74
South Todd,33.43,Cloudy,Future conference by firm network central.,2026-03-12 06:33:30,1.51
West Ryan,7.37,Rainy,Other pay newspaper Democrat simple.,2026-02-17 04:25:51,2.13
West Catherinehaven,9.19,Windy,Keep hundred growth music.,2026-01-20 22:55:23,1.24
North Gina,33.09,Snowy,Tv arrive toward six point great.,2026-01-17 23:59:49,0.85
Lake Randychester,-4.21,Sunny,Yeah painting chair seem table.,2026-01-10 14:11:24,2.79
East Elainebury,1.62,Windy,Vote create military wait look include.,2026-02-02 05:05:18,0.4
Tanyamouth,6.48,Sunny,Per turn man leg rule industry.,2026-01-25 00:58:28,2.02
New Angela,-1.95,Cloudy,Pass Democrat civil authority small teach particularly.,2026-04-27 12:02:16,1.98
North Kirsten,5.08,Sunny,Question learn month administration.,2026-03-15 02:18:04,0.79
North Tylerberg,1.11,Rainy,Whole throw today because serve cell.,2026-04-18 03:14:12,2.41
Lake Ronnie,3.9,Sunny,Someone consider opportunity knowledge.,2026-04-20 05:01:18,2.81
Stevensmouth,5.25,Rainy,Card similar evening care style.,2026-04-09 14:09:43,1.51
Whiteburgh,-3.41,Rainy,Tonight learn sit method where.,2026-02-16 18:55:18,2.06
North Randall,23.03,Sunny,Foot meet per white.,2026-01-20 10:47:40,2.84
Robertmouth,38.08,Windy,Middle young cost big its.,2026-02-06 19:44:11,1.3
North Amberborough,-3.86,Windy,His tax on design bed science.,2026-04-22 14:24:50,1.46
South Stephanie,-9.37,Rainy,Range magazine later enough.,2026-05-04 00:21:16,2.75
New Christine,26.54,Snowy,War degree partner.,2026-04-05 11:12:13,0.45
Villanuevamouth,-8.76,Rainy,Can let side bag mean skin.,2026-02-08 10:27:18,1.78
Lake Michael,3.68,Windy,Together base any with garden owner.,2026-03-24 21:54:53,2.52
Port Jessicashire,9.14,Windy,Challenge view recent air chance develop six.,2026-02-28 04:17:22,0.23
West Jonathan,34.84,Snowy,Respond way bill international.,2026-03-14 01:08:22,1.37
Christophershire,12.98,Sunny,Not cover range.,2026-02-18 22:02:26,1.47
Collinsshire,34.17,Windy,Right maintain study only young country should.,2026-02-18 01:39:51,2.4
New Justin,2.73,Windy,Source among increase able service individual from.,2026-04-10 02:58:30,2.93
North Robertashire,19.34,Snowy,Southern same place fast record.,2026-02-27 00:20:19,2.8
North Jamesside,3.31,Windy,Industry those physical system before.,2026-04-09 00:03:26,0.68
South John,3.0,Cloudy,Product cultural together check in entire.,2026-02-13 10:17:09,1.02
New Aliciatown,28.1,Cloudy,Change thank program food very hear involve.,2026-04-05 11:27:35,2.3
Rodriguezfort,16.46,Snowy,Where day western continue capital consumer music system.,2026-01-12 09:34:23,0.66
South Kimberlyfort,14.92,Snowy,Point bar region yeah away international author.,2026-03-09 22:46:09,2.84
Patrickborough,12.83,Cloudy,Happy serve agent positive safe his.,2026-04-02 13:02:51,1.29
North Kevinhaven,28.19,Snowy,Hit free process environmental defense end leg cup.,2026-02-09 12:46:07,0.96
Emmaview,4.02,Cloudy,Create easy upon property statement.,2026-02-12 08:45:39,1.49
New Erin,21.3,Snowy,Certainly look check majority lead remain benefit.,2026-04-06 14:38:30,1.63
New Kevin,16.65,Cloudy,Camera bed they price early note allow.,2026-01-26 23:14:12,0.24
West Paulashire,16.06,Snowy,Day whether positive.,2026-04-14 22:47:09,2.25
West Paulton,30.48,Snowy,Their ok space exist.,2026-01-23 16:58:41,0.87
Alyssaborough,17.02,Snowy,Lot year skin onto.,2026-01-21 03:20:29,2.85
New Ethanfort,5.83,Snowy,Away sound arrive rate.,2026-04-22 16:57:36,1.26
New Michael,-3.75,Windy,Understand billion recently machine party home.,2026-01-12 13:24:17,1.25
Josephburgh,7.84,Snowy,Fish significant usually plan focus board opportunity.,2026-02-28 07:03:31,2.6
Lake Christopherchester,-8.96,Sunny,Fly direction vote born fly mind fact.,2026-03-04 03:44:59,0.45
Ramseytown,19.01,Snowy,Expect source station control cover rise war.,2026-01-23 09:09:31,1.95
Tylerstad,2.34,Cloudy,Herself run simply method west hundred.,2026-01-06 11:06:50,0.2
North Stephanieland,38.42,Snowy,Develop term respond room surface under.,2026-04-09 00:40:25,2.87
West Elizabeth,22.5,Windy,Share Republican personal door unit describe.,2026-03-22 07:58:00,2.2
Port Crystalland,24.22,Windy,Reach question rule dinner.,2026-01-20 15:36:31,2.79
West Donna,33.87,Cloudy,Physical speak follow state real somebody.,2026-04-04 19:03:59,2.28
Stanleyborough,30.17,Windy,Continue law choice want red eye approach strong.,2026-04-22 16:37:13,1.68
Donaldborough,20.73,Rainy,Threat again road per recent section.,2026-02-20 20:17:30,1.18
New Antonioville,29.52,Snowy,Kid if eat.,2026-04-09 08:17:06,0.2
Andreaside,13.48,Snowy,Example cost news today foreign rise set.,2026-02-26 22:41:31,2.82
Kylefurt,18.23,Windy,Out music recent street.,2026-03-11 02:06:43,0.85
North Rickey,37.13,Snowy,Thousand by when bring health without more hundred.,2026-04-14 19:25:34,2.67
Campbellmouth,39.57,Snowy,Carry seek situation few laugh style six argue.,2026-04-14 12:54:37,0.12
New Jamesbury,28.42,Sunny,Class industry be each current would.,2026-03-02 17:08:29,1.82
East Randy,-6.28,Cloudy,Commercial unit lay lawyer huge investment.,2026-03-31 14:27:47,0.55
New Cassandra,34.41,Rainy,Blue later end measure specific.,2026-02-08 20:29:32,2.42
Debrashire,12.4,Rainy,Boy base idea true still third.,2026-04-30 07:14:44,0.33
Robertfort,21.19,Sunny,Body hundred arm.,2026-04-15 06:30:17,0.07
Lake Shelly,19.62,Snowy,Pretty attorney them impact natural knowledge day energy.,2026-02-11 07:31:46,2.48
East Jennifer,14.88,Sunny,Yard radio discussion wife represent sell.,2026-01-23 06:52:41,0.72
North Sydney,27.87,Windy,Might learn door run ever bit many field.,2026-02-14 18:56:40,2.56
Erinport,-2.46,Snowy,A cut ahead director.,2026-03-12 00:42:30,2.46
New Nancy,21.2,Windy,Appear manager try society main nation pull.,2026-03-01 03:12:55,2.05
South Patriciabury,16.15,Snowy,Her fine development several campaign voice last.,2026-03-25 00:56:23,2.94
Jenniferchester,33.76,Snowy,Realize his call factor guess task plant.,2026-04-19 04:33:07,1.62
Sanderschester,6.26,Rainy,Kitchen rise goal.,2026-01-16 15:56:14,2.7
North Christopher,21.31,Windy,Firm certainly education nor admit value quality level.,2026-03-15 23:33:43,0.45
New Shannonfort,34.45,Snowy,Owner together guess character customer house door my.,2026-02-17 06:03:36,0.18
Martinside,18.32,Windy,Term later former story rule.,2026-01-31 01:13:21,1.28
Seanmouth,22.96,Snowy,Major difficult measure those air the.,2026-03-01 19:45:30,0.5
East Jameston,31.3,Snowy,Strong treatment first figure anything more our.,2026-03-25 18:57:57,2.38
New Jeremy,24.13,Cloudy,Whole field no much.,2026-03-16 00:07:19,1.25
Port Lisaberg,19.25,Windy,Never need no certainly guess film lay.,2026-01-08 04:49:45,2.9
East Kimberlyview,-7.68,Rainy,Walk issue ahead hit somebody this time perhaps.,2026-01-08 16:50:14,1.27
West Suzannehaven,3.36,Cloudy,Even full institution manage.,2026-01-02 19:47:10,1.71
Christinaland,5.45,Rainy,Effect happy put run make boy technology member.,2026-03-19 12:46:06,2.55
North Jamesview,30.26,Snowy,Sound them sort choice process before occur.,2026-02-09 23:22:30,1.41
Thomaschester,39.49,Sunny,Me compare draw million someone throw sell entire.,2026-03-23 15:16:47,0.98
Cabreramouth,3.7,Snowy,Despite price real.,2026-01-13 14:10:38,2.91
Claytonstad,21.35,Snowy,Mouth respond star relationship.,2026-01-04 00:51:56,1.97
Williamsbury,11.39,Cloudy,Tv difference truth ago girl voice.,2026-01-30 05:41:43,2.47
Gabrielport,24.42,Rainy,Produce letter yard.,2026-05-02 01:59:08,0.25
East Brian,18.59,Snowy,Gun you purpose clear.,2026-01-15 16:08:28,2.87
Sarahmouth,21.03,Rainy,Student until family necessary place special.,2026-03-28 18:14:34,2.11
Kaitlynfort,-2.13,Snowy,Reflect west herself participant all land third month.,2026-02-27 14:13:23,2.6
Julieton,4.55,Rainy,Care save market control debate significant.,2026-02-21 03:00:38,2.0
Thompsonborough,25.92,Sunny,Card learn knowledge girl.,2026-04-11 20:00:01,2.72
Kylebury,29.14,Snowy,Beautiful attorney organization.,2026-02-11 02:01:21,1.12
New Charles,26.45,Snowy,Reflect happy wait else.,2026-03-30 00:01:02,0.07
Cassandrahaven,15.41,Cloudy,Reality over speak until.,2026-03-27 22:59:44,1.05
South Cynthiafort,20.01,Rainy,Meeting describe enter own benefit.,2026-01-04 22:08:27,2.92
Paulaville,-8.07,Rainy,Big team she court fly our door.,2026-02-05 10:33:15,2.55
Henryton,22.67,Sunny,Talk show indicate admit contain important popular seven.,2026-04-06 12:30:03,2.87
Juliebury,5.69,Snowy,Peace by case.,2026-02-22 02:14:01,1.27
North Tonifurt,-9.45,Sunny,Number brother yet democratic story mission.,2026-03-13 00:55:59,0.97
Williammouth,-7.26,Rainy,Operation military anyone.,2026-04-14 00:28:20,1.28
Gilmorehaven,14.59,Cloudy,Rich foreign policy else.,2026-02-04 02:34:09,2.16
Danieltown,-9.04,Sunny,East this candidate food.,2026-04-15 04:07:04,2.23
Georgechester,19.7,Sunny,Summer buy whole region woman capital radio.,2026-02-18 22:26:07,2.16
Port Cody,5.89,Rainy,Since current far central up quite table body.,2026-03-01 08:18:58,1.22
Port Williamfurt,34.01,Windy,Computer far subject finish join somebody.,2026-02-07 11:22:55,2.55
South Sara,-2.78,Snowy,May something above win want.,2026-03-31 03:37:28,1.99
Levyfurt,-7.0,Rainy,Shoulder author make realize evening I.,2026-02-12 00:27:52,2.27
New Meghanstad,12.55,Windy,Movie reason yet total increase.,2026-04-30 00:00:31,2.87
Pattersonton,25.67,Snowy,Professor recent kid half remember.,2026-01-30 19:43:14,1.43
Lake Jamesmouth,17.24,Rainy,High down hospital.,2026-01-19 15:13:31,1.86
South Jamie,38.36,Snowy,Sense really treatment off.,2026-04-29 10:03:45,2.21
Villegasborough,24.0,Rainy,Them position may card activity consider card enjoy.,2026-01-25 10:52:37,1.13
Youngchester,32.66,Sunny,Green mother real himself later me.,2026-02-09 02:46:58,2.34
East Keithborough,30.27,Snowy,Kind age important feeling news.,2026-03-12 12:02:28,2.46
New Jackiestad,4.74,Rainy,Even kid group they bit it relationship.,2026-03-01 09:09:01,2.1
Kristenview,16.57,Rainy,Board bag artist center high risk.,2026-04-03 20:05:00,0.95
Allenburgh,17.2,Rainy,Can drive read above only let.,2026-03-11 04:20:34,1.22
West Peter,-4.35,Sunny,See window hold night bit figure.,2026-04-21 09:51:17,2.37
East Jessicamouth,14.49,Rainy,Low great so sense.,2026-03-30 17:28:31,1.66
New Virginiatown,33.15,Cloudy,Attack dinner land different relationship thus.,2026-02-05 07:46:43,2.21
Sarahstad,32.05,Cloudy,Account suddenly course into show before.,2026-04-03 12:01:29,2.66
South Kenneth,27.99,Snowy,Record land great court message food mind.,2026-05-01 23:37:40,2.01
South Andreafurt,28.58,Cloudy,Explain quality care fear determine southern tend.,2026-03-08 20:30:32,1.13
Adamshire,8.56,Rainy,Piece might authority career.,2026-04-23 01:00:46,1.85
Jamieview,14.2,Windy,Save size successful indeed fall chance trouble.,2026-02-14 21:48:40,1.83
Rodriguezville,39.9,Sunny,Manage sport open rock.,2026-03-31 23:08:24,0.04
North Christopherburgh,22.66,Sunny,Government worry job whose.,2026-03-31 17:31:37,0.91
East Kevin,4.9,Cloudy,Kind itself relationship major challenge threat.,2026-04-11 03:00:20,0.54
Port Tinachester,4.77,Cloudy,Election it eat her here office.,2026-04-21 23:14:24,0.54
Chenville,-8.1,Rainy,Must fear bar page father itself Democrat.,2026-05-03 16:45:44,2.66
Williamshire,5.22,Snowy,Natural remain manage student instead.,2026-01-11 10:37:42,0.14
North Christineside,-0.82,Cloudy,Nothing feel strategy party guy.,2026-04-16 01:32:57,2.37
Brandyfurt,4.21,Rainy,Capital note treatment understand.,2026-03-22 15:02:06,2.78
North Marcia,11.41,Rainy,Truth bring not view.,2026-03-17 21:08:09,2.4
Lake Melanieshire,25.27,Windy,Cultural employee answer store around outside happen.,2026-02-08 01:48:15,1.0
Port Natalieview,-0.25,Windy,Example memory just white anything admit will.,2026-03-15 05:13:37,1.77
Johnhaven,23.87,Sunny,Fall peace here.,2026-01-14 03:37:43,0.03
West Calebmouth,6.4,Snowy,Dark bed cell effect.,2026-01-19 13:27:10,2.38
New Jennifertown,23.88,Cloudy,Almost seek push woman forget.,2026-01-21 14:56:45,0.43
Roberttown,29.92,Sunny,Special game case evidence.,2026-02-01 15:12:13,1.37
Hendersonton,3.55,Cloudy,Feel another run.,2026-01-17 06:32:58,1.69
North Kathryn,-6.13,Rainy,Rate risk sea improve position off avoid.,2026-02-03 03:14:56,1.0
West Jamesfort,27.97,Rainy,Court central great possible.,2026-03-09 20:53:02,0.21
Juliaside,6.64,Windy,Goal two arm general.,2026-01-02 04:12:38,0.76
South Josephfort,27.98,Rainy,Teach help before apply.,2026-03-02 13:49:56,2.0
East Briannaside,27.47,Rainy,Science purpose issue bad billion dream.,2026-02-16 14:23:03,1.52
Lake Patrick,-3.85,Sunny,Past production suddenly think tree.,2026-02-15 09:31:22,2.19
Wilkinsland,16.85,Windy,My imagine somebody claim price keep daughter.,2026-02-24 23:38:09,2.03
New Joshuaborough,10.55,Sunny,Ahead their somebody.,2026-03-21 04:57:24,0.63
Port Austinfurt,30.44,Snowy,Manager can consumer rock song end responsibility.,2026-03-19 01:51:46,1.85
Andrewville,-4.95,Sunny,Parent back during summer call peace evening.,2026-02-06 15:16:47,2.89
Carolchester,38.48,Snowy,Phone material development continue.,2026-02-02 18:34:11,0.67
North Adrian,20.51,Windy,Play determine something wind study reach practice.,2026-02-12 13:31:30,0.7
Gallagherberg,-3.49,Sunny,Indicate home pick apply agent interesting friend.,2026-02-14 19:59:45,1.59
Lake Michellehaven,39.46,Snowy,Financial audience under.,2026-03-08 02:28:13,2.23
Lake Linda,10.22,Rainy,Goal member through maintain.,2026-01-10 11:05:31,1.34
Port Kathleen,26.17,Windy,Especially simply talk painting wall discuss.,2026-02-11 03:04:31,1.05
Jasonfort,33.55,Rainy,Interview who way seek week expert she.,2026-01-20 19:44:46,1.36
New Carla,30.37,Sunny,Pass stand chance gun expert may.,2026-04-01 02:06:24,2.96
Johnsonfurt,25.96,Rainy,Detail affect effort social evening be.,2026-01-20 15:16:07,2.11
Mitchellmouth,26.79,Cloudy,Industry both thing decision.,2026-01-22 11:46:21,0.32
Brettfort,40.0,Snowy,Large former law letter Democrat wait.,2026-01-25 00:26:33,1.78
New Erica,34.42,Windy,Skill contain owner some thing realize.,2026-04-23 02:29:07,1.0
Robertshire,25.98,Rainy,Be as television good admit trade.,2026-04-24 01:58:54,1.48
North Francesfurt,3.54,Windy,Industry center range.,2026-02-24 12:07:20,1.67
Pageburgh,10.14,Windy,Eat glass member gas rise scientist.,2026-03-11 05:18:23,0.58
Jennifershire,20.96,Sunny,Nothing market story assume authority tell stop.,2026-01-08 02:06:02,1.85
Romerofort,25.47,Snowy,Explain Democrat expert can art.,2026-01-15 05:59:39,1.69
Cynthialand,-6.41,Rainy,Quite experience quite just concern.,2026-03-27 01:00:35,0.64
Port Drew,20.57,Snowy,Represent debate ten college.,2026-04-30 04:23:03,0.89
Lake Lindseyburgh,24.45,Windy,Subject road it staff take it Republican police.,2026-02-13 06:34:49,0.17
Julieport,-0.44,Sunny,Report thank use must head social.,2026-01-18 10:19:18,2.83
East Rebeccaville,3.78,Rainy,More miss tonight little concern foreign section about.,2026-02-01 00:37:29,0.2
Port Stephanieshire,6.21,Cloudy,Price culture top rock.,2026-01-29 01:30:38,1.91
Allenview,-9.5,Rainy,Back behind senior husband.,2026-05-01 12:18:13,0.52
West Davidhaven,15.56,Cloudy,Yard economic forward go treat.,2026-02-19 04:53:52,1.16
Washingtonborough,2.59,Windy,Effort talk top.,2026-03-30 00:08:27,0.66
East Shannon,-8.35,Windy,Now action conference stage message century.,2026-03-15 23:42:49,2.33
Christinestad,20.84,Snowy,Able operation trade daughter community meet enter fight.,2026-04-26 07:10:41,1.85
Lake Jenniferville,-6.2,Sunny,Town player top exist news.,2026-01-16 02:55:28,1.08
Doughertytown,15.79,Rainy,Skin need rock up.,2026-03-02 20:54:36,1.88
North Natalie,-8.15,Snowy,Everything choice hotel.,2026-03-19 04:03:09,2.09
South Christina,1.9,Rainy,Side seven finally stuff.,2026-02-17 03:12:00,2.65
Mooreborough,2.4,Rainy,Economic involve north.,2026-01-09 12:30:26,1.29
Johnsonfurt,6.82,Snowy,Save speech point.,2026-03-08 09:06:39,1.12
New Chad,-2.14,Windy,Finally we church home physical then.,2026-04-22 21:38:58,1.87
Cooperville,11.51,Rainy,Authority plant property development.,2026-04-22 16:39:47,0.5
Christophermouth,-2.7,Windy,Explain room create image cup thing.,2026-01-22 22:37:47,0.05
Thomasland,-5.28,Cloudy,Although speech question hundred.,2026-05-01 13:52:47,1.12
Emilyton,-0.83,Cloudy,Million public sport onto into relationship half.,2026-02-07 07:50:31,0.49
Chrischester,2.01,Windy,Budget director close special analysis natural.,2026-03-12 11:32:38,0.28
Summersberg,-1.59,Sunny,Keep positive on.,2026-04-06 00:09:58,2.04
Robinsonstad,20.64,Sunny,Evidence everybody turn hotel.,2026-01-30 18:57:12,2.2
West Tiffanyton,-5.55,Sunny,Hold family note wonder inside indeed.,2026-02-14 22:29:38,2.67
Port Tammy,34.86,Snowy,Sing even control turn yeah.,2026-01-09 09:17:36,0.87
East Leonard,8.6,Snowy,Forget huge above address government.,2026-03-15 16:07:22,1.94
Floreshaven,26.48,Rainy,Star benefit specific summer stage necessary government nice.,2026-04-15 12:45:54,1.28
Silvaport,33.87,Rainy,Effect history police citizen think bag read.,2026-02-23 21:01:43,1.28
Laneport,22.77,Sunny,Pull worker dark agreement data sometimes.,2026-05-03 22:17:26,1.01
West Patriciamouth,4.68,Cloudy,House very might wonder.,2026-04-01 08:37:59,1.55
South Loriberg,-6.32,Cloudy,Threat up relate art will past.,2026-01-14 21:54:28,0.76
Port Jessestad,15.08,Snowy,Raise central support give movie central.,2026-01-27 09:12:23,0.38
Grayport,26.05,Rainy,Third property address police next behind high.,2026-02-19 14:30:54,0.63
Fitzpatricktown,-0.7,Windy,Not can subject cell scene time.,2026-02-04 23:30:33,0.57
Pereztown,28.79,Windy,Accept direction camera north however serve.,2026-01-29 18:57:11,1.43
West Josephport,0.77,Sunny,Difference table assume history.,2026-01-19 00:07:19,2.27
South Kim,-8.69,Sunny,Activity on southern.,2026-01-24 12:08:25,0.82
Connerburgh,-6.92,Windy,Daughter human six reach old truth.,2026-02-20 23:17:31,2.45
Markstad,10.18,Sunny,Thing traditional political organization opportunity magazine.,2026-03-17 04:11:32,2.31
Padillaland,4.51,Snowy,Treatment family almost when upon.,2026-03-14 21:06:45,0.8
Jakestad,2.31,Windy,There city method entire manager.,2026-04-11 10:38:07,1.9
Youngfurt,23.27,Rainy,Region foreign common three.,2026-01-20 15:55:58,2.46
Port Veronica,24.63,Sunny,Forget weight daughter report fill join baby buy.,2026-02-26 00:17:14,1.75
Davidfort,7.22,Rainy,Outside consumer next either.,2026-02-20 11:25:11,1.99
Jenkinsview,21.62,Snowy,Drug daughter near budget.,2026-01-28 15:58:21,2.39
Port Petertown,-9.0,Rainy,Leader take million home security.,2026-03-01 04:36:02,2.46
South John,22.24,Sunny,Address though against.,2026-01-24 01:21:26,2.96
Williamville,1.53,Cloudy,Since key capital difficult specific.,2026-04-02 14:04:36,1.63
Montgomeryhaven,-8.52,Sunny,Choice stock grow president himself baby like.,2026-05-02 09:35:31,1.11
West Jessicaberg,27.47,Windy,Choose appear exactly company at.,2026-04-04 22:06:41,2.45
Port Cheryl,-6.7,Rainy,Or wonder bed until.,2026-01-20 00:34:35,0.79
Donaldsonberg,36.03,Cloudy,Color room hear receive matter second impact.,2026-01-26 01:36:59,2.43
Port William,30.66,Snowy,Throw idea simply truth court.,2026-02-22 07:43:29,0.92
Warrenstad,0.34,Cloudy,Two stock interesting box interesting.,2026-04-03 02:37:59,1.44
Port Barbara,2.38,Sunny,Wall series become their only single.,2026-01-25 16:49:03,2.42
New Cynthiaview,21.26,Rainy,Development that daughter.,2026-03-01 15:38:56,2.92
Christyton,25.43,Cloudy,Item term camera cell response cup.,2026-02-03 06:28:09,2.0
North Katherine,23.37,Cloudy,Attention name this finish administration try.,2026-02-19 16:44:26,0.17
Jayview,2.25,Rainy,About yard physical support feel difficult.,2026-03-08 08:40:41,2.08
Jeffreyview,39.31,Snowy,End former floor possible really view human.,2026-04-21 08:30:04,1.69
Phillipberg,5.61,Cloudy,Foot business population she especially perform report.,2026-02-02 11:40:41,1.48
Brendaport,13.2,Windy,Movie benefit together raise attorney travel.,2026-03-10 03:09:10,0.09
East Marcushaven,-4.8,Cloudy,Including century figure reality time third.,2026-04-04 15:41:21,0.91
Howellberg,10.12,Windy,Character cultural news bring marriage road.,2026-04-04 19:34:29,2.33
Sarahville,5.63,Rainy,Dinner price officer tree size.,2026-02-10 01:53:35,1.13
East James,15.88,Snowy,Training improve great central laugh forget low to.,2026-03-31 02:57:25,0.68
Adkinsport,4.57,Windy,Thus international put cup.,2026-01-22 09:01:59,2.09
North Gracefurt,11.75,Windy,Let big consumer themselves popular.,2026-04-15 14:00:38,1.46
Susantown,23.17,Snowy,Benefit son hit above technology.,2026-03-16 15:54:38,1.56
Feliciaport,17.56,Rainy,Where should institution development teacher share series.,2026-04-21 14:42:07,2.62
Port Amandaburgh,4.14,Cloudy,State Republican brother to management.,2026-02-04 04:35:29,2.34
West Evelynchester,-4.9,Sunny,Their consumer relate own summer see.,2026-01-11 21:56:27,2.11
Esparzashire,20.14,Sunny,Social among morning occur.,2026-04-30 06:37:17,2.79
North Christophermouth,37.27,Windy,Traditional teacher woman nature need actually while each.,2026-01-08 20:32:27,0.73
Daleville,13.63,Cloudy,Stage series often always computer piece parent house.,2026-02-02 01:20:16,1.88
Port Reginamouth,22.02,Snowy,Back often language democratic red decision.,2026-02-02 12:54:51,0.23
Jackieport,9.64,Sunny,Increase rise box according real we animal fly.,2026-01-18 20:47:42,1.04
Benjaminton,25.96,Cloudy,Buy peace face guy brother leave democratic.,2026-02-08 08:44:31,2.76
West Edgarville,7.47,Sunny,Somebody good American argue for letter his daughter.,2026-03-21 21:32:49,2.0
Port Christopher,20.84,Snowy,Reach resource here hospital.,2026-04-16 08:09:45,0.52
Barbaraborough,32.55,Windy,Life fight election can.,2026-03-10 16:14:35,0.87
North Michaelstad,-5.76,Sunny,Smile just according west exist voice.,2026-05-03 06:56:31,1.12
North Coleton,38.09,Snowy,Personal modern always bit measure lose response.,2026-03-25 06:05:00,1.94
Nicholasfurt,-0.75,Snowy,Organization green crime accept fill necessary conference.,2026-04-10 05:58:17,1.11
Brownbury,38.26,Sunny,Run series place.,2026-04-05 18:19:56,3.0
South Robert,-3.26,Snowy,Born management shoulder own history little.,2026-03-18 14:49:34,1.13
Port Michele,35.79,Snowy,Challenge character mean.,2026-02-05 05:04:51,0.63
East Amyside,13.5,Rainy,Table school forward music than without course.,2026-04-07 12:54:46,0.84
South Jennifer,13.04,Windy,Others election while any.,2026-04-24 05:53:01,1.15
Port Shaun,15.97,Rainy,Book let buy once.,2026-03-31 12:46:54,2.05
Mossberg,30.03,Windy,Popular daughter care practice school.,2026-04-17 14:10:52,2.69
West Shawnton,7.25,Windy,Suffer individual through our you.,2026-01-26 08:27:29,0.79
North Joyceburgh,29.93,Cloudy,News young others understand table eat cup bring.,2026-02-02 06:47:28,2.34
Jameshaven,28.33,Snowy,Field research produce leg wife image right.,2026-01-10 00:53:10,1.96
Torresstad,5.18,Cloudy,Rule local ok.,2026-04-23 10:59:06,0.45
Lake Brittany,30.4,Sunny,Still thousand open.,2026-01-03 01:45:42,2.67
Gillshire,-8.19,Rainy,Citizen job wish impact truth even up quite.,2026-01-28 06:46:23,2.98
Jessicaside,10.21,Windy,Free will southern late question hotel recognize.,2026-04-14 20:56:48,1.71
Gibsonview,-3.18,Cloudy,Over front fly both.,2026-03-25 05:42:08,2.36
New Aaronland,16.04,Windy,Upon Mrs catch official suffer.,2026-01-04 13:59:59,2.19
Hardyland,2.51,Rainy,Half improve over side.,2026-01-01 05:38:21,2.9
Lake Andrea,21.53,Snowy,General create cup lead position project remain visit.,2026-02-21 20:28:57,1.62
North Becky,6.81,Windy,Treatment capital modern campaign maybe.,2026-04-23 04:16:37,2.74
Staceyfurt,21.15,Cloudy,Be central avoid woman.,2026-01-21 17:16:38,1.82
South Antonioton,6.55,Snowy,Practice finally job.,2026-02-25 06:44:53,0.76
Port Christopher,32.83,Windy,Fire generation scene continue.,2026-02-27 19:05:39,2.7
Joyceberg,13.8,Rainy,Suggest board crime fire.,2026-01-25 21:41:57,1.65
Charlesfort,9.19,Sunny,Agreement east economy player training husband.,2026-04-10 08:11:08,1.74
Kristinhaven,-2.3,Windy,Music position off cold.,2026-02-11 17:33:50,2.14
East Lindahaven,9.26,Windy,Garden language decade still still enough.,2026-02-06 14:18:22,1.17
Bryanton,14.11,Rainy,Relate front third long enjoy couple raise.,2026-03-22 16:48:24,0.64
East Brittany,33.99,Sunny,Think against Democrat.,2026-04-14 22:50:46,0.0
South Alexandra,-9.59,Rainy,Unit look general water common today almost.,2026-01-23 14:33:43,2.63
Nathanburgh,13.7,Windy,Them out cover from.,2026-04-30 22:31:19,0.42
West Kyle,8.39,Windy,Item meet believe item half dog.,2026-05-02 08:15:37,0.55
Mcmillanstad,12.37,Cloudy,Budget day thousand country newspaper not send.,2026-02-06 06:09:00,0.7
Kimberlychester,-3.65,Windy,Hard try dark.,2026-02-22 19:31:48,0.54
South Micheleland,27.27,Rainy,Artist east development when base western new.,2026-01-10 23:46:25,2.42
Smithhaven,39.61,Rainy,How argue big million including audience.,2026-01-20 17:49:12,1.8
New Virginia,14.58,Rainy,Rate great business quite.,2026-04-17 07:11:57,1.35
Laurafurt,-3.81,Cloudy,Decide prevent become head site.,2026-04-23 08:07:18,1.52
Thomasmouth,19.31,Cloudy,She seem growth year factor.,2026-01-10 18:39:17,1.48
Lake Joshua,7.61,Windy,Share responsibility season room heart create.,2026-02-26 13:14:47,1.82
Shawnshire,15.6,Windy,Energy social various cell owner spring sound middle.,2026-01-06 11:09:20,2.6
Clarkport,1.33,Snowy,Raise again front she why career road.,2026-04-27 01:34:19,2.68
Ayerstown,37.91,Windy,Rest brother feeling decade these relate present.,2026-04-11 17:54:32,1.66
Calderonfort,-8.19,Snowy,Collection amount professor I become book.,2026-03-08 08:05:28,0.68
Eatonborough,16.23,Cloudy,Available do relationship most ten because.,2026-04-28 09:52:55,0.89
North Jasonside,33.76,Snowy,Season college action call.,2026-04-04 04:41:16,1.3
West Katieborough,24.73,Rainy,Eye life seat tree ten eight.,2026-01-04 20:08:14,0.2
West Hayleyburgh,30.89,Sunny,Believe billion start.,2026-02-18 02:57:18,0.98
North Emily,4.83,Snowy,Direction many prevent wide.,2026-02-01 06:34:46,2.39
Lisachester,32.21,Cloudy,Size today customer total risk.,2026-03-12 20:57:27,1.21
Port Regina,19.21,Snowy,Let ability respond use central campaign approach possible.,2026-03-13 01:16:54,0.13
Sandrafort,1.18,Cloudy,Organization case music film campaign difficult.,2026-03-09 12:47:17,2.46
South Nancy,-4.09,Rainy,Police study never college inside when claim.,2026-04-24 04:09:49,2.15
Katherinemouth,35.99,Cloudy,Prepare surface laugh mention discuss.,2026-01-05 13:26:27,1.82
Nicholasstad,39.57,Snowy,Where base fight federal human week.,2026-04-26 22:23:52,1.71
Port Bonnie,-3.45,Windy,Method show couple notice seat.,2026-04-06 01:26:11,0.04
East Laura,27.48,Windy,Arm ground increase name group entire.,2026-01-04 13:43:52,0.12
North Shellyfurt,26.43,Sunny,Possible measure economy free shake hope.,2026-03-08 17:25:42,0.8
Carrieborough,29.7,Windy,Enough miss participant lead voice two west.,2026-05-03 07:43:08,1.39
Smallport,11.53,Sunny,Story baby market you against boy on.,2026-03-01 06:24:10,0.29
Port Graceburgh,35.29,Cloudy,Friend foot discover message career.,2026-01-02 06:07:44,2.65
West Crystal,3.65,Snowy,House hold where first find many.,2026-04-22 00:31:56,1.24
New Kyle,-1.08,Sunny,Newspaper occur key activity.,2026-04-23 09:17:48,1.92
South Lauren,-3.46,Cloudy,Remember difference relationship into yard lay director.,2026-04-14 00:41:38,1.43
Serranoville,-8.3,Sunny,Majority toward fill range.,2026-03-06 20:49:07,2.31
West Phyllisborough,32.49,Sunny,Public several game drop wide since kind.,2026-02-17 02:42:05,0.83
New Jonathanland,-4.41,Windy,Dream book city.,2026-04-18 16:22:53,1.8
Sawyerburgh,-0.12,Snowy,Player reflect reality national throw federal.,2026-04-17 16:45:23,1.1
Jasonfort,22.45,Sunny,Federal audience dream idea eight building.,2026-01-08 10:31:49,1.02
Clarkbury,4.54,Sunny,Edge wide trip marriage unit before.,2026-01-14 12:07:48,2.01
Port Jason,23.91,Windy,Someone about morning man business continue.,2026-01-22 20:34:21,0.62
Mooreburgh,-5.4,Snowy,Evidence support although send would.,2026-04-11 07:57:12,0.29
Rileyfort,1.01,Sunny,Point on remain out play.,2026-02-11 11:15:48,2.96
Joshuamouth,27.6,Rainy,Onto magazine establish consumer stock he pretty.,2026-03-31 04:46:13,2.44
North Lukeport,31.66,Cloudy,Leader difficult lawyer trip middle increase as.,2026-02-23 04:47:45,1.55
East Stacyburgh,9.2,Snowy,Right benefit end someone.,2026-03-01 19:24:22,2.18
New Gerald,21.68,Cloudy,American investment today term size investment many.,2026-04-21 08:07:53,1.3
North Kyle,-9.67,Rainy,Analysis home play question give.,2026-05-03 16:38:51,1.17
Johnsontown,22.21,Cloudy,Respond future nature just.,2026-02-02 01:32:11,1.34
Trevorshire,6.38,Sunny,Fish red yard.,2026-04-02 12:55:46,1.91
East Bernardbury,-3.17,Snowy,Property send everything difference.,2026-04-28 13:50:37,0.97
North Bryan,36.41,Rainy,Painting while night seat.,2026-04-06 01:03:38,0.8
Rachelton,12.87,Windy,Team accept few might region system herself.,2026-03-24 13:49:46,2.41
North Denise,29.06,Rainy,Score edge senior.,2026-03-31 17:16:13,1.79
Rickyport,33.74,Snowy,Because ground approach particularly.,2026-02-01 12:11:49,1.08
Bethanyfort,25.96,Snowy,Enough offer big same order.,2026-04-24 06:17:19,2.45
Port Brittanyfurt,6.59,Windy,Education service good letter drop wait listen.,2026-03-02 18:39:19,0.12
Port Alexanderbury,13.5,Cloudy,Skin machine order least.,2026-01-15 13:41:00,1.38
Nathanielfurt,20.49,Snowy,Develop wish recognize speak traditional.,2026-02-16 17:37:54,0.41
Port Monicaberg,22.42,Windy,Glass model interview face none report happen.,2026-01-24 21:15:20,1.42
Lake Martin,32.68,Sunny,Spring ability look.,2026-02-25 05:29:40,0.29
South Ryan,4.29,Sunny,Usually opportunity whom ball amount us.,2026-04-16 07:41:39,1.41
North Christina,-1.81,Sunny,Describe culture power summer far.,2026-01-28 08:20:13,2.38
West April,-0.37,Sunny,Wish nature country amount candidate above professional.,2026-03-20 16:45:16,1.87
Lake Vicki,10.93,Cloudy,Assume third eight clear station.,2026-05-01 09:40:22,2.78
Vincentland,7.11,Sunny,Consider home economic begin program feel more deep.,2026-02-04 03:26:49,2.07
New James,-6.29,Snowy,Just public yet.,2026-05-03 08:02:51,2.47
Lake Johnside,-2.35,Sunny,Sure cup rather skin.,2026-03-05 13:49:42,0.82
Vincentmouth,27.0,Rainy,Whose of and should current area.,2026-04-12 08:47:07,1.76
East Kara,38.96,Cloudy,Project movement out response.,2026-01-17 21:08:16,1.21
South Austinland,13.0,Cloudy,Bill certainly wind our admit suggest discuss edge.,2026-01-15 23:43:09,1.43
Berryport,26.67,Cloudy,Brother drop including time should past picture.,2026-01-07 12:28:44,2.16
West Aaronmouth,25.82,Windy,Follow raise provide important represent around hear late.,2026-03-20 18:13:11,2.46
South Stephaniestad,19.76,Snowy,Partner material wife floor standard economic.,2026-01-07 00:37:22,0.58
West Michaelhaven,-0.66,Snowy,Certainly trial long up learn protect.,2026-04-15 01:09:41,2.25
Shortbury,12.95,Sunny,Movie group attorney available concern.,2026-03-03 16:03:09,0.09
East Amandamouth,23.99,Snowy,Should evening everyone clearly million major answer.,2026-04-13 03:18:09,1.93
West Ellenberg,-0.46,Snowy,Answer suffer difficult director economic position purpose.,2026-02-16 12:14:33,2.02
Riverafort,36.25,Windy,From administration late will clearly huge note.,2026-03-14 01:30:54,0.17
Diazberg,2.64,Windy,Law out agent thought.,2026-03-17 10:54:52,0.76
North Matthew,35.0,Snowy,There hot possible research stop note police.,2026-01-06 14:20:32,0.23
Harrisview,35.27,Snowy,Price too hand woman music within today.,2026-03-10 20:45:59,2.54
Joeside,32.93,Sunny,Executive open market.,2026-04-05 08:59:19,2.8
Lake Jonathanchester,26.45,Windy,Increase artist may trial.,2026-03-03 07:50:05,1.07
Lake David,24.02,Windy,Where rest raise together.,2026-01-22 01:13:52,2.26
West Jamesmouth,39.66,Sunny,Show his charge.,2026-02-14 03:52:43,1.43
Maryberg,16.13,Snowy,Together official world generation.,2026-04-12 03:20:20,2.5
Jacobsfort,38.08,Cloudy,Again bad some statement only be herself might.,2026-04-14 18:24:47,2.66
Snyderton,17.04,Snowy,Continue tree agent strategy buy fall.,2026-01-25 05:08:51,1.01
North Lacey,34.8,Windy,Them eight director rise air Republican food.,2026-02-04 20:34:51,0.57
Smithbury,-6.55,Rainy,Mother continue develop.,2026-04-27 04:15:27,1.93
Hectorburgh,2.98,Windy,Sister reflect less choose choose investment score.,2026-01-06 13:39:24,2.88
East Michelle,-8.44,Cloudy,He continue he hard as apply knowledge have.,2026-02-13 01:24:33,2.72
Johnton,-0.15,Snowy,Health either imagine discussion side plant leg north.,2026-03-21 00:19:26,2.25
Sweeneymouth,37.52,Cloudy,Imagine see even.,2026-04-22 08:25:30,0.64
New Leahview,2.47,Sunny,Never direction option science perhaps senior with.,2026-01-05 02:58:49,1.2
Smithshire,19.45,Snowy,Value they college put reality.,2026-03-27 05:01:07,1.94
Tracyland,21.24,Rainy,Wait buy born west fight ago run.,2026-03-26 12:22:03,1.98
Hernandezton,27.65,Windy,Religious former middle economic station industry or.,2026-04-13 03:41:57,1.53
Port Michael,-5.38,Rainy,Ever tree they member hit us building.,2026-04-22 09:29:26,0.77
Sanchezview,25.27,Rainy,Yard physical firm either.,2026-03-09 10:56:44,2.38
New Devinberg,17.51,Cloudy,Protect property Mrs issue.,2026-03-01 05:30:03,1.98
Vegafort,37.36,Cloudy,Cover room system same treatment class.,2026-02-25 23:38:50,1.26
North Natalie,17.77,Cloudy,Such Republican other couple thus decade thank.,2026-01-02 21:46:55,0.99
Orozcofort,1.7,Cloudy,Best field if more good.,2026-01-19 12:09:07,1.54
Gutierrezshire,18.8,Snowy,Exist happy huge method budget mission.,2026-02-13 17:08:51,0.59
Port Mikefurt,24.11,Sunny,Idea thousand wind store firm easy you.,2026-04-21 18:10:44,1.2
South Markberg,2.65,Rainy,Politics report physical activity yeah black.,2026-02-09 14:02:41,2.71
Garciaborough,3.22,Snowy,Thought official me citizen much morning continue college.,2026-04-26 18:43:31,2.48
Port Loritown,16.75,Snowy,Evening agreement lead arm cut main size.,2026-01-26 02:29:48,1.99
Port Sarahview,11.83,Snowy,Partner no identify middle.,2026-01-17 18:00:56,2.21
Ruizchester,8.58,Rainy,Least accept medical none coach term change beautiful.,2026-02-21 11:47:22,0.12
West Linda,6.01,Rainy,Everyone administration world stay.,2026-02-16 18:17:22,1.24
Ortizberg,26.88,Sunny,Give positive with describe.,2026-01-03 19:45:47,0.83
Rebeccaview,8.84,Rainy,Health decision successful truth.,2026-03-25 05:46:21,1.68
Bobton,38.29,Windy,Hope action little stand mean.,2026-03-01 04:14:58,1.28
Johnsonburgh,-9.64,Windy,Less Mrs do yet.,2026-04-25 11:04:25,1.16
North Sandra,28.85,Windy,All method experience.,2026-05-03 13:56:29,0.26
Hansenmouth,26.94,Sunny,Piece we economy generation.,2026-01-06 03:41:35,1.14
New Nicholas,12.96,Windy,Loss reduce since treat do Mr.,2026-02-13 19:11:52,1.02
Port Rebekah,27.82,Snowy,Group similar already own miss travel treatment.,2026-04-20 08:24:59,1.49
Robinsonshire,25.56,Snowy,Determine speech already two before movement.,2026-02-12 13:24:30,1.08
New Christopherhaven,23.41,Rainy,Herself cold value pattern.,2026-01-04 07:33:06,2.99
Amyhaven,4.28,Sunny,Attack couple girl tend economy.,2026-04-02 07:51:06,0.16
Pamelaside,4.72,Cloudy,Evening summer however affect model.,2026-03-31 07:28:18,1.56
Lake Patricia,26.98,Cloudy,Accept human shoulder rich democratic which group.,2026-03-05 01:01:10,0.82
North Thomaston,5.55,Snowy,Body power quite especially hundred.,2026-03-06 07:23:39,0.27
Rodriguezfurt,38.63,Snowy,Loss must speak mention consumer deal pattern.,2026-01-17 15:42:20,0.95
Chadberg,3.29,Windy,Government order customer class.,2026-03-10 03:46:37,2.0
Jasonport,6.47,Rainy,Size soon citizen full institution type.,2026-03-17 08:31:40,1.86
Johnview,11.83,Sunny,According teach never hotel.,2026-03-10 13:46:03,0.05
Manningmouth,33.99,Sunny,May after also specific remember young.,2026-04-12 10:38:38,0.89
Nathanside,37.08,Windy,Cup game teacher high design day both.,2026-01-04 12:38:31,1.04
Joshuamouth,18.5,Cloudy,Manage face door score official drop wide.,2026-02-10 06:36:50,0.61
New Wayneville,-4.69,Rainy,Wall idea number soldier pull action run.,2026-04-21 12:53:12,0.22
West Troy,18.3,Rainy,Push factor language agency simply rule hear.,2026-04-25 12:54:52,2.09
South Reginachester,-3.91,Windy,Left say part great agree bank picture.,2026-01-12 07:33:35,2.52
Doyleberg,13.17,Sunny,Language bit quickly image responsibility knowledge.,2026-02-12 05:25:13,2.29
Benjaminville,17.64,Cloudy,Most enough environment poor discover young.,2026-03-19 20:28:34,0.26
New Carrieland,16.74,Sunny,Cup entire wife Mrs.,2026-01-28 23:25:05,1.88
West Mary,4.58,Rainy,Detail seven like feeling able.,2026-03-20 04:46:01,2.58
Port Joshua,8.3,Windy,Score generation stand culture or level place.,2026-03-01 14:59:11,1.28
Anthonyport,-0.4,Rainy,Seek audience expect third how particular.,2026-04-25 10:39:10,1.79
Kathleenbury,4.28,Sunny,Player situation third.,2026-04-03 05:03:05,1.35
East Carmen,28.73,Windy,Doctor author family country.,2026-04-08 00:18:39,2.45
Brownton,34.06,Snowy,Return public continue finish such.,2026-03-07 11:22:09,2.8
East Christopherville,5.52,Rainy,As student improve raise all million.,2026-02-22 02:41:38,2.16
Kimberlymouth,27.97,Rainy,Attention start medical report.,2026-01-01 16:35:45,2.23
Port Amy,31.48,Snowy,Dog administration offer peace.,2026-02-25 01:36:38,2.52
Crystalland,4.58,Rainy,Remain cup later notice likely.,2026-03-13 22:21:48,0.81
Odonnellchester,0.67,Rainy,Door never sure yourself instead laugh.,2026-03-28 23:02:41,2.9
Melissabury,25.13,Sunny,More buy land civil easy.,2026-02-16 06:59:27,0.66
Port Jeanne,18.76,Cloudy,Ahead final more here little.,2026-04-11 11:39:16,1.17
Jackiefort,23.24,Windy,Summer popular rather floor artist town.,2026-01-23 05:02:19,1.39
Lake Taylor,31.93,Snowy,Process series role.,2026-01-23 06:19:45,0.91
East Brandy,12.38,Sunny,Drug door across watch though.,2026-04-28 05:41:59,1.48
Lyonsbury,7.09,Snowy,Adult range writer sure in.,2026-02-04 13:04:54,2.99
Jaclynton,21.84,Sunny,Save program cell fly here.,2026-01-20 00:21:34,0.65
Bradyshire,2.92,Sunny,Success economic sort check.,2026-04-27 00:20:51,2.69
North Michelle,6.09,Cloudy,Serve rule look reveal attention happy.,2026-02-24 05:10:59,0.95
West Sergiomouth,11.11,Snowy,Become her summer employee wide not.,2026-02-17 08:02:26,2.64
Shermanshire,-7.0,Sunny,Already over which.,2026-01-20 03:54:59,2.83
North Cory,-8.84,Rainy,Might material small door high.,2026-04-09 18:17:58,2.24
East Brian,8.28,Sunny,Onto game suggest now night standard technology.,2026-01-17 15:12:18,2.31
Jeremiahburgh,27.52,Rainy,Receive option tax network economic east send.,2026-04-26 12:10:40,3.0
North Brookemouth,25.21,Snowy,Usually cultural fire become.,2026-05-03 01:34:58,0.16
Staceybury,9.19,Rainy,Large foreign newspaper interview manage.,2026-04-04 03:38:06,2.58
Port Courtneyhaven,-3.29,Windy,Information west feel writer late method.,2026-01-03 14:45:06,0.82
North Elizabeth,-5.56,Sunny,Build protect space budget.,2026-03-08 17:00:07,1.37
Simpsonmouth,-1.21,Rainy,Decade degree beautiful few happy often.,2026-03-24 11:01:59,2.02
Brownfort,38.48,Snowy,Condition general such record.,2026-01-12 22:21:55,2.22
Karenberg,31.25,Cloudy,Final billion city account most draw surface.,2026-03-01 22:38:36,1.24
Nunezton,-5.15,Windy,Something view action dark personal growth.,2026-01-18 19:13:19,1.43
North Kyle,14.54,Sunny,Maintain attorney east example experience last.,2026-02-11 21:32:40,0.1
Ayalachester,17.93,Windy,Ahead friend would sure line any though list.,2026-01-22 22:58:53,0.74
Timothychester,1.0,Cloudy,Want similar approach prove box.,2026-04-10 07:20:41,0.1
Port Melissa,0.11,Rainy,Near outside line on imagine just no.,2026-04-23 16:33:42,2.58
East Victoria,-1.73,Windy,Carry table ask policy.,2026-02-01 03:49:06,0.95
North Jacobbury,20.03,Sunny,Win last a vote realize religious.,2026-03-17 09:17:53,1.39
West Michael,6.61,Cloudy,Very thus act tough collection talk.,2026-03-25 22:49:23,0.18
East Roberta,28.53,Snowy,Describe base choice reveal.,2026-02-15 16:08:00,0.2
East Masonchester,31.18,Cloudy,Three hospital city only along.,2026-01-27 03:18:17,0.97
Bethfort,36.19,Windy,We trip quickly run Mr protect.,2026-03-15 00:37:01,2.83
Lopezton,37.08,Cloudy,Continue form result carry often along.,2026-04-10 16:07:29,0.06
Port Gary,20.34,Snowy,Book inside design rate consider.,2026-02-06 04:17:08,0.89
Lake Johnchester,24.27,Windy,Until teach happy.,2026-03-18 22:33:45,0.4
Gardnerview,-1.38,Snowy,Exist similar owner.,2026-03-13 12:52:49,0.08
Huffmanhaven,6.35,Sunny,Stop fall fine could herself alone memory.,2026-01-06 10:31:39,0.35
Lake Anthonyview,-5.82,Rainy,Game close strategy customer east deal more.,2026-04-21 05:20:11,2.09
West Frederick,26.02,Rainy,Teacher reveal former large front sister.,2026-04-09 02:18:21,2.16
West Jasonfort,9.88,Sunny,Detail third nor dream job.,2026-04-06 00:45:33,2.14
Williamstad,7.1,Sunny,Join land bank defense.,2026-03-09 00:54:27,0.6
Hopkinston,-5.13,Snowy,Above exactly prevent.,2026-01-07 07:30:48,1.97
Christinafort,-4.64,Cloudy,Current have election part sometimes.,2026-04-12 04:48:31,2.31
Beverlyfort,6.15,Rainy,Player smile all program.,2026-01-19 07:26:27,2.35
Brandibury,15.94,Snowy,Require mission conference space ask onto treat.,2026-02-15 15:30:58,1.46
Wolfemouth,14.12,Windy,Policy fill kid sea the everyone industry.,2026-02-17 14:41:19,1.43
East Andrealand,20.05,Snowy,West weight peace before miss or.,2026-01-01 05:54:32,0.15
East Dawn,15.53,Rainy,Significant doctor green phone job.,2026-03-26 01:32:38,2.57
New Meganland,39.67,Rainy,Thus could man serve book.,2026-01-17 22:38:14,0.69
Blakeport,-5.3,Sunny,Focus watch experience crime theory single then.,2026-03-20 19:41:04,2.84
Manningland,10.65,Rainy,Glass exist which necessary.,2026-01-24 13:11:15,0.22
New Evelyn,19.71,Rainy,Thought especially fish clearly cold.,2026-03-23 03:22:18,1.05
East Jonathan,20.62,Snowy,Table glass low pick each.,2026-03-10 04:54:29,1.16
Port Michellefort,37.63,Sunny,Positive plant agree color.,2026-02-21 22:02:32,2.61
Port William,6.25,Cloudy,Season ready task minute idea indicate.,2026-01-25 23:06:15,0.25
New Haroldton,25.52,Windy,Fight make perhaps bar discussion.,2026-01-14 14:31:55,0.62
East Jason,33.12,Snowy,Usually help agreement.,2026-04-26 23:52:12,0.79
Schwartzside,2.9,Snowy,Admit treatment let field.,2026-02-11 06:46:51,0.14
Erikafort,13.21,Sunny,Institution deal church from within.,2026-03-30 15:40:34,2.89
Hollandmouth,26.3,Rainy,Friend during this though who threat inside fish.,2026-01-16 02:51:09,2.81
Lewisborough,16.02,Cloudy,Support so kitchen author employee appear back.,2026-04-25 13:19:21,0.73
Morenohaven,-5.74,Rainy,Camera beyond environment face the which.,2026-02-21 19:16:32,0.65
Justinmouth,-8.86,Snowy,Star now short.,2026-02-02 22:25:06,1.69
Johnsonside,-4.18,Windy,Do community situation black them agent.,2026-04-17 22:18:28,3.0
North Chrisstad,1.57,Snowy,Street later front wall.,2026-05-01 09:48:09,1.97
Lake Steven,19.16,Sunny,Image son north.,2026-04-24 18:59:08,1.96
Moranborough,1.54,Windy,And body politics.,2026-02-02 18:41:57,0.22
East Kevin,30.94,Rainy,Try eat there into pattern.,2026-02-15 03:52:14,2.98
Lucashaven,26.34,Snowy,Staff door painting room ever personal owner source.,2026-02-11 06:13:29,0.42
Ruizburgh,26.47,Cloudy,He consumer director affect act matter.,2026-01-21 17:15:21,2.05
Stonestad,39.58,Rainy,Along group technology common head evidence.,2026-05-03 18:14:27,1.97
North Crystalstad,15.03,Snowy,Board note glass live shake.,2026-01-26 22:54:40,0.42
Brownton,15.12,Cloudy,Without sea laugh probably often.,2026-03-06 00:14:14,2.82
Morrisberg,22.37,Rainy,Minute sort a cultural well.,2026-04-09 11:18:38,0.94
Allenchester,9.07,Sunny,Someone others near note.,2026-01-15 21:20:39,2.31
East Nicole,19.93,Rainy,Identify power place smile hospital.,2026-03-25 17:18:53,1.24
Lake Jasmin,15.38,Rainy,Issue interview various economic.,2026-03-30 21:02:56,2.05
East Davidfurt,28.67,Rainy,Forward about happen serious very administration radio.,2026-03-14 03:26:07,1.36
North Heidimouth,32.22,Windy,Including part toward word chair record maybe.,2026-03-11 22:12:21,2.43
Kennedyside,-4.44,Sunny,Music serious place hair nature enjoy manager.,2026-01-29 05:25:21,1.65
Johnport,21.06,Rainy,Perform win admit focus describe number news.,2026-03-10 14:36:14,0.61
Amandachester,7.53,Snowy,Commercial mouth small government.,2026-04-03 03:07:31,0.8
South Troyhaven,24.55,Sunny,Attack north open Democrat.,2026-02-19 03:03:13,1.29
Andrewland,3.68,Sunny,Nor sister party maybe class everything.,2026-02-05 22:31:35,1.2
Josephville,31.72,Sunny,A adult determine large short.,2026-02-04 20:14:14,1.91
Lake Colleen,35.66,Snowy,System road experience answer yard remain foot.,2026-01-15 06:13:20,0.11
Lake Matthew,20.04,Windy,Mind chair rich mention wait sing rock.,2026-01-09 21:55:31,2.69
Port Daniel,22.44,Cloudy,No impact traditional piece husband line fall.,2026-03-09 03:50:26,1.23
Mathisborough,16.24,Cloudy,Might accept until democratic.,2026-04-21 05:03:34,0.25
East Victoriastad,-7.58,Sunny,Through official make under fish chair rest true.,2026-01-12 01:48:59,0.36
East Maria,24.32,Cloudy,Old mind tell.,2026-01-18 19:28:05,1.54
Lake Jessica,-9.37,Rainy,Place partner high rule question still far there.,2026-03-03 03:35:58,1.82
North Patrickville,30.02,Snowy,News yard maybe five body cup.,2026-04-17 06:02:21,1.9
West Robin,14.92,Windy,Hospital none begin car to.,2026-03-08 12:03:02,2.82
East Jessica,7.59,Rainy,Play wind yard message black dinner.,2026-01-10 09:33:50,0.57
Monicaton,19.01,Snowy,Industry realize wrong white.,2026-02-15 03:59:14,0.66
Alvarezmouth,-8.98,Rainy,Generation bed foreign involve across language other.,2026-02-24 21:50:06,2.28
Smithville,-5.03,Sunny,And day oil imagine half.,2026-02-04 09:56:42,1.26
Johnhaven,26.78,Rainy,Feel probably western final no job girl.,2026-04-29 15:40:35,2.33
Richardfort,-8.53,Snowy,Reveal paper mind speech listen response.,2026-02-27 21:25:54,1.8
West Jennifer,22.9,Cloudy,Success there real since decision.,2026-03-14 15:28:02,2.03
Hartville,17.45,Sunny,Pattern hundred design today who pay.,2026-01-24 16:16:27,1.15
Greenberg,4.6,Rainy,Spend part cut generation control.,2026-02-02 18:21:12,1.27
North Eric,-6.25,Sunny,Focus board every much.,2026-02-16 01:14:04,0.54
Port Andrewborough,6.98,Rainy,Watch item instead get.,2026-02-16 09:40:34,2.26
Sherryfurt,37.17,Rainy,National image money leg.,2026-04-19 22:10:47,2.22
Walterburgh,-4.56,Cloudy,Attorney blue room community.,2026-03-16 16:41:28,1.03
Josephfort,31.53,Windy,Yard official finally smile leader manage six.,2026-02-21 08:08:29,2.09
Conwaychester,39.84,Cloudy,Social tough fast.,2026-01-07 19:38:14,0.37
Moorehaven,33.08,Rainy,Image agent describe glass.,2026-03-07 08:48:49,1.87
Moorechester,32.2,Rainy,Skill production always drug can then.,2026-02-27 03:56:08,1.98
Lake Denise,4.73,Rainy,Make standard every group several plant job.,2026-03-29 00:56:53,0.12
Coreytown,7.22,Snowy,Mother some week former.,2026-01-23 13:31:04,1.61
East Donald,-9.8,Cloudy,Blue half there care.,2026-02-20 07:40:47,1.66
Lake Bryanport,37.99,Cloudy,Response account once.,2026-04-25 11:01:50,0.1
East Brian,4.49,Cloudy,Turn call perform about plan service expect.,2026-03-16 23:03:53,2.19
Greenshire,-4.5,Cloudy,Without edge anything although election lose always.,2026-04-28 20:53:35,0.9
North Derrick,15.51,Sunny,Effort interview west study.,2026-04-18 04:12:57,0.43
Dianefort,-3.65,Rainy,Maintain feeling far room.,2026-04-11 14:44:38,0.21
West Paulborough,39.51,Windy,Key popular five those.,2026-04-22 20:00:02,0.69
Port Matthewville,23.57,Cloudy,Determine time better quite although kind test.,2026-02-01 19:58:50,1.35
Moorebury,7.47,Cloudy,Enter Republican up local contain today red kitchen.,2026-02-20 16:44:38,1.64
Lake Tinafort,34.48,Sunny,Hair police three guy.,2026-04-15 07:32:52,0.53
Hannahtown,-6.16,Windy,Hundred start ever material line newspaper.,2026-01-22 15:29:32,2.76
Karaborough,38.96,Windy,Green clearly opportunity suggest where again.,2026-01-13 16:25:44,1.41
Thomasfort,23.45,Snowy,Rather change number mother.,2026-01-15 13:12:24,1.35
West Laura,19.51,Cloudy,Keep popular wind tend government politics.,2026-02-09 03:43:37,0.54
Lake Wendyland,10.89,Rainy,Risk edge brother along season together.,2026-04-06 18:02:12,0.32
Port Virginia,6.78,Snowy,Happy number account forget act conference.,2026-03-05 07:20:57,1.35
Landryville,11.51,Sunny,Throughout beyond between store than range voice.,2026-01-06 21:45:20,1.44
Richardburgh,35.11,Cloudy,Conference light bed ago use figure.,2026-02-19 19:32:36,0.18
Brittanyfort,16.83,Cloudy,Size action something major break break hold.,2026-01-13 09:51:52,0.1
Lake Melissa,0.83,Windy,Southern if only other program wait.,2026-04-08 18:43:36,0.84
Lake Deborahberg,23.66,Windy,Into event positive either staff.,2026-03-18 20:12:38,2.77
North Kimberlyland,27.17,Cloudy,Break argue according big tend shake discover.,2026-01-09 05:50:25,2.36
Lake Jessica,14.55,Cloudy,Detail design scientist.,2026-04-14 04:43:48,2.44
Scottfurt,29.76,Cloudy,Maintain woman language million.,2026-04-25 00:23:49,2.9
Floresfurt,27.94,Cloudy,Thank professor control chair.,2026-03-05 10:35:48,0.01
South Jasonberg,2.31,Sunny,Worker political campaign often upon when exactly.,2026-04-29 22:01:35,0.94
East Albertberg,36.02,Rainy,Only finally Republican trade stage bill.,2026-01-13 07:37:06,2.54
Moorehaven,16.34,Windy,Authority player executive goal.,2026-02-08 00:33:18,0.78
West Christiefurt,-8.58,Cloudy,Together side former.,2026-02-01 18:29:54,0.15
South Justintown,12.54,Windy,Set house word drug.,2026-03-18 12:28:07,1.76
Cardenasville,36.26,Snowy,Affect any very across only dark than.,2026-01-05 02:35:28,2.41
Angelachester,39.79,Sunny,Focus idea executive family whose machine election.,2026-01-06 02:36:17,1.89
Port Dawnton,-6.78,Cloudy,Population ten religious trip rise.,2026-03-13 13:30:57,1.88
New Ian,13.95,Snowy,Just physical whom deal would thank teacher.,2026-02-05 14:41:48,0.97
East John,4.26,Snowy,Police both member.,2026-04-21 20:43:12,1.34
Donaldsonbury,23.38,Windy,Interest course understand.,2026-03-19 20:15:33,2.7
Danielport,-2.9,Sunny,Red require best might.,2026-05-02 02:48:24,2.36
Lake Sarah,24.94,Rainy,Factor production seek whatever product near.,2026-04-01 11:31:59,0.18
Paulmouth,22.32,Cloudy,Leg eat herself our room memory officer.,2026-01-19 15:06:21,0.76
Erikborough,33.41,Cloudy,Make wide within box effort meeting also.,2026-03-25 09:26:48,1.08
South Brooke,23.53,Rainy,Successful cell account choice far.,2026-02-04 11:46:58,1.88
South Jonathan,34.44,Snowy,Guy court yet responsibility dog page choose goal.,2026-02-23 03:54:13,1.07
Michelleshire,18.14,Sunny,Want bank level.,2026-01-07 12:20:40,2.33
Harveyfurt,-0.71,Cloudy,Might onto dinner able enter standard science.,2026-03-09 15:15:10,2.14
Amandaside,33.26,Rainy,Animal major pressure allow bar.,2026-05-03 15:51:07,1.27
West Jessicaton,27.63,Cloudy,Opportunity make believe wait customer within.,2026-04-30 05:39:22,0.85
New Melanie,21.21,Cloudy,Ahead send continue stand would wall purpose.,2026-04-23 10:28:03,2.34
Garciaview,13.89,Windy,Amount it general relationship safe.,2026-03-17 18:21:24,2.77
Port Jaredborough,21.0,Cloudy,Read into everybody well education.,2026-04-06 15:59:28,0.05
North Heatherton,-2.79,Cloudy,Current often quality democratic generation structure affect wish.,2026-03-08 08:19:54,1.66
Lake Hollybury,17.67,Rainy,Long well yes sound power day.,2026-05-02 03:01:41,2.05
Jenniferside,33.2,Windy,Research physical buy risk medical rock.,2026-03-07 08:05:57,0.9
Port Darren,26.96,Cloudy,Letter go attention material risk character.,2026-04-02 14:31:35,2.49
Port Joseph,34.97,Sunny,Myself fire issue major lay huge.,2026-05-04 01:38:05,2.24
Michaelbury,1.18,Rainy,Size dream continue phone determine among.,2026-02-01 00:34:09,0.0
Chelseaport,30.75,Windy,Appear teacher free car real number star.,2026-05-03 10:06:03,2.21
South Laura,-2.91,Rainy,Blood teacher factor value place play all.,2026-04-29 05:23:11,1.76
Kevinfort,-3.2,Sunny,All firm notice.,2026-02-18 04:56:04,0.04
Rodriguezbury,17.94,Cloudy,Five start add evening human.,2026-03-05 08:33:12,2.37
East Kristinahaven,11.24,Sunny,Sister like group brother writer me east project.,2026-03-13 18:01:08,1.19
Donaldside,5.48,Cloudy,Public imagine choice however data our.,2026-04-09 00:46:18,2.17
West Barrymouth,19.99,Rainy,Everybody music try eight raise.,2026-01-07 06:20:45,0.01
Marcview,15.35,Rainy,Treat owner employee party million.,2026-03-25 19:06:38,1.04
West Debraville,23.73,Rainy,Few sometimes lawyer appear least remain.,2026-01-22 20:38:09,2.54
South Debra,-7.95,Cloudy,Play car create husband specific yard.,2026-02-17 05:59:49,2.64
North Richardside,31.47,Rainy,Us thank arrive employee entire create.,2026-03-17 08:16:44,2.84
Davidberg,-8.15,Sunny,Ahead billion recent play fund forget TV.,2026-02-05 20:00:39,2.69
West Michellehaven,1.45,Rainy,Class play bar tell worry enough seem lead.,2026-04-23 16:40:22,2.07
Lake Lancehaven,4.29,Windy,Claim deal sometimes follow southern.,2026-03-05 04:26:21,1.13
West Justin,7.51,Rainy,Million cup ball southern.,2026-04-20 01:12:58,1.17
North Anna,39.85,Windy,Page customer nearly offer effect a reason.,2026-01-23 00:11:35,2.35
Port Barbara,36.0,Cloudy,Arrive exactly experience establish fact her.,2026-03-18 01:59:26,2.78
Kyletown,36.03,Snowy,Six same example total investment herself series painting.,2026-03-24 22:55:05,1.45
Anthonytown,-1.63,Windy,Hour across sit newspaper.,2026-04-27 23:23:47,0.38
Flemingport,37.77,Snowy,Pattern big black page foot feel charge.,2026-01-16 00:59:30,2.39
Lake Jasmin,12.6,Windy,Once heavy experience national line pass.,2026-05-04 18:28:49,2.61
Deckerland,14.69,Rainy,Claim his produce from bar reason evening despite.,2026-03-26 03:41:26,1.44
Nathanmouth,34.61,Snowy,Pay institution stop however thousand.,2026-02-02 12:34:19,1.76
Josephburgh,39.61,Cloudy,Despite choice board know.,2026-04-30 02:53:32,2.83
Brownfurt,-5.29,Rainy,Buy wife trouble discussion successful design space.,2026-03-06 18:04:27,0.47
West Timothymouth,0.95,Rainy,Also number stand writer live impact than doctor.,2026-01-06 14:21:22,0.04
Bradleyside,14.85,Cloudy,Image someone Republican condition seem policy.,2026-01-23 04:07:28,1.41
Kleinborough,-9.44,Cloudy,Difference big eye son decade admit.,2026-01-16 09:29:39,2.38
Port Crystal,6.91,Rainy,Hear describe Republican catch relationship.,2026-03-22 04:50:03,0.09
Sullivanmouth,31.96,Cloudy,Parent magazine way stand watch.,2026-02-06 10:39:41,0.14
West Joseph,20.12,Snowy,Realize score half wish herself stay.,2026-03-02 19:54:03,1.91
Fishershire,-6.29,Rainy,Field call myself admit firm father.,2026-04-26 06:23:22,1.2
Hillchester,29.91,Cloudy,Total east important difference.,2026-01-29 03:17:48,1.6
New Samantha,11.21,Cloudy,Often she both remember forward later.,2026-04-25 19:09:23,0.19
Philipmouth,33.51,Snowy,Listen rise about heavy sell behind.,2026-02-08 02:14:40,1.22
Douglasmouth,2.09,Sunny,Mission we pull language manager.,2026-02-19 06:15:23,0.03
Sullivanland,22.77,Cloudy,Option price these brother south skill source.,2026-05-04 22:20:00,0.99
Randyville,12.55,Sunny,Usually receive see health next.,2026-04-09 23:11:16,2.35
Moranbury,17.5,Windy,Enter voice most detail herself however.,2026-04-22 02:53:21,1.84
Donaldfurt,23.04,Cloudy,Congress entire modern we concern.,2026-02-18 11:29:25,0.48
Isabellaport,29.86,Windy,Effort personal right drive organization current money.,2026-04-20 12:59:29,1.03
Rogerston,-1.35,Snowy,View big world seek challenge detail station.,2026-03-06 13:35:34,0.99
Warnerstad,18.71,Sunny,Suggest option if these audience.,2026-02-15 15:18:56,0.9
West Gregory,2.74,Snowy,Other myself natural your.,2026-01-12 09:24:30,1.48
Hicksland,37.08,Rainy,Husband tree strong family economy mind.,2026-01-04 22:32:32,2.45
Estradaburgh,4.52,Rainy,Sing contain turn opportunity entire such TV.,2026-02-09 22:38:09,0.29
Kimburgh,32.78,Cloudy,Leave everybody community.,2026-04-12 16:35:25,0.34
Mckeefort,27.46,Windy,Player right beat right bag family question.,2026-04-08 11:56:06,0.63
Murraybury,19.55,Cloudy,Service could board government.,2026-01-07 09:41:22,1.08
Emilystad,33.02,Windy,Recently debate Republican especially do citizen.,2026-03-03 05:58:48,0.57
South Shannon,3.88,Snowy,Movie woman improve it scene job.,2026-01-12 03:37:21,2.59
East Rubenbury,-0.32,Snowy,Drive at report budget.,2026-04-16 16:42:39,0.57
Rachelville,-3.45,Snowy,Age magazine home side participant medical.,2026-03-05 20:14:24,0.21
Robertville,24.42,Cloudy,Level senior think whole improve information of option.,2026-01-04 04:50:59,2.51
Port Laura,5.32,Rainy,Card box today continue.,2026-01-21 22:28:23,0.36
Smithville,-3.32,Sunny,Rich perhaps bill rest fund former likely.,2026-03-13 10:41:57,1.09
Brittanyshire,2.22,Rainy,Crime school actually sometimes natural kitchen yard.,2026-02-09 23:38:46,0.98
New Robert,34.9,Cloudy,Young reveal song majority sing.,2026-02-14 22:56:12,2.47
South Michelle,-6.36,Cloudy,Second four argue six set miss person.,2026-03-06 12:14:08,1.78
Jameschester,16.64,Rainy,Military wish room what factor drive music read.,2026-04-02 09:43:39,2.36
Port Charlesstad,1.84,Snowy,They each bit personal.,2026-02-23 22:05:10,0.03
East Lindsay,-4.27,Cloudy,Feel suggest artist she onto seat.,2026-02-13 11:53:05,0.99
Port Bridgetfort,39.48,Snowy,Visit machine tax American soon.,2026-01-14 12:19:02,1.36
South Thomasside,15.21,Rainy,Friend mouth key political stand.,2026-03-29 02:13:37,1.01
Cochranchester,39.8,Snowy,Our word arrive degree knowledge through.,2026-04-14 23:07:17,0.64
South Sandraside,21.91,Rainy,Continue skill skin that worker project.,2026-01-14 01:55:09,1.8
Crawfordberg,16.78,Cloudy,Character ever evening these free radio perform never.,2026-02-11 12:23:13,1.15
Lake Katie,20.9,Windy,Skill test throw good stock outside west.,2026-01-15 07:28:59,0.63
Andersonville,-1.53,Windy,Expect position measure experience phone.,2026-03-01 13:29:32,1.81
Sherryside,21.95,Rainy,Through worker fear.,2026-04-22 03:45:04,0.1
East Jeromestad,21.93,Sunny,Message democratic young technology.,2026-04-17 09:24:38,1.37
Woodstad,-2.12,Snowy,Simple current admit cold at finish.,2026-01-10 14:21:57,1.18
Lake Devon,10.19,Sunny,Friend once method indeed morning interview.,2026-03-13 11:14:57,0.01
Hortonshire,2.21,Sunny,Worry within fire degree career.,2026-02-27 23:07:31,2.96
Littleland,7.32,Snowy,Yeah probably hundred opportunity.,2026-02-22 15:08:42,2.95
South Michaelfort,4.27,Cloudy,Understand thus owner accept production.,2026-01-31 05:53:01,0.82
East Brittany,27.18,Snowy,Base ability high believe goal.,2026-04-01 22:12:21,2.18
Bobbymouth,30.79,Cloudy,Political wind country first herself inside center cell.,2026-01-14 16:40:38,1.87
New Kevinfort,3.44,Snowy,Letter assume push.,2026-03-17 16:54:28,0.61
North Jeremy,15.26,Sunny,Difficult control fall rich.,2026-03-27 13:46:35,1.78
North Michael,0.49,Windy,Debate left walk win.,2026-04-05 12:47:26,0.29
Carloschester,31.02,Snowy,Population teach only life difficult at actually trade.,2026-03-05 23:37:13,2.52
Leonardmouth,-5.2,Sunny,Listen hit billion show friend.,2026-03-18 21:42:02,2.05
Jasonmouth,1.44,Cloudy,Central our table know north investment who.,2026-01-18 20:53:53,0.11
West Martha,4.12,Snowy,Just help call play art to.,2026-01-31 12:27:17,1.26
South Douglas,-7.54,Snowy,Budget no single benefit own civil former high.,2026-03-30 13:48:30,1.78
New Michael,12.74,Snowy,Happy office today set detail single task.,2026-02-21 06:25:32,1.54
Coreyville,3.06,Windy,Often compare phone daughter city low project.,2026-04-04 09:31:47,2.25
Rodneymouth,30.8,Sunny,Role firm game long fear.,2026-04-15 18:36:29,1.65
East Jacksonborough,36.67,Snowy,Education its score space American clear.,2026-01-16 21:55:38,2.61
Lake Brettside,37.63,Cloudy,Require reflect instead soon test both.,2026-02-16 09:58:16,0.21
Brownport,-2.66,Sunny,Sing current beat assume.,2026-05-04 01:10:23,2.01
West Samuelland,-1.22,Windy,Pick take buy.,2026-04-08 03:52:02,0.93
West Jennifer,18.03,Cloudy,Into enjoy student game government.,2026-02-07 20:07:47,2.85
North Sara,13.47,Snowy,Throughout economic moment blood key.,2026-02-01 14:18:59,1.65
West Brandon,35.43,Rainy,Himself everything region day himself.,2026-01-28 21:09:34,0.76
Marktown,7.49,Rainy,Democratic maintain power kitchen Mr skin.,2026-04-10 10:23:16,1.59
East Samantha,7.23,Rainy,Production how however yes.,2026-02-04 12:19:25,1.2
Bethstad,-7.84,Rainy,Common book mission issue.,2026-05-02 12:32:48,0.74
West Elizabeth,23.6,Cloudy,Phone relate shake kitchen.,2026-01-14 06:42:31,0.21
South Kyle,20.09,Rainy,Sense fine material score somebody.,2026-03-10 06:06:42,2.41
West Casey,-1.35,Sunny,Various national father recently score investment.,2026-04-21 20:12:58,2.01
East Renee,-6.44,Cloudy,Reach reduce especially.,2026-03-30 00:34:13,1.01
New Johnshire,-1.21,Cloudy,Five senior dog down administration.,2026-01-04 18:13:50,2.41
Kevinstad,17.79,Cloudy,Source front site skill heart.,2026-01-27 00:02:53,2.71
North Theodoremouth,-6.42,Windy,Follow certain bill push impact.,2026-04-13 10:11:17,1.36
Mallorymouth,31.79,Snowy,At a difference west.,2026-03-10 16:53:54,0.92
West Williammouth,32.18,Windy,Prevent generation spring marriage necessary.,2026-01-19 07:15:47,2.83
Reidchester,-2.88,Rainy,Example store involve onto list ready.,2026-04-30 15:46:51,0.46
West Melissa,-1.41,Snowy,Cup course couple impact.,2026-01-27 10:40:19,0.9
Jacobsville,25.0,Cloudy,Leader generation couple often administration five.,2026-04-30 13:58:58,0.22
West Veronica,8.72,Rainy,Her left better exactly billion.,2026-01-18 16:49:49,2.08
New Charlesfurt,27.28,Rainy,Writer form say people admit.,2026-02-14 04:48:49,2.95
West Rachelmouth,30.89,Cloudy,Address among team drive.,2026-02-02 10:13:04,2.79
Morganchester,4.17,Sunny,Deal political ask although civil gun tree.,2026-02-21 21:23:09,2.05
Jenniferview,18.05,Windy,Probably treat significant hospital born either.,2026-03-25 07:09:05,2.93
Powellfort,-7.08,Cloudy,Explain piece share wind account hard throw.,2026-02-09 06:02:08,2.81
West Aprilbury,36.07,Sunny,Begin sing effect six.,2026-02-07 21:53:36,0.94
Matthewstad,30.99,Windy,War challenge whole her.,2026-04-29 08:44:53,0.85
East Kathryn,13.26,Rainy,Head letter understand effort whatever shoulder attention toward.,2026-04-09 14:43:43,1.36
Kramerhaven,-9.2,Rainy,Option series student entire face heavy tell.,2026-01-27 08:51:07,2.35
North Kelseyside,12.55,Sunny,Often friend find like run receive increase.,2026-02-15 07:30:55,2.68
Port Tracimouth,24.38,Rainy,Write garden worry those force.,2026-03-17 16:40:29,2.94
Port Georgeberg,35.99,Cloudy,Agreement past practice war trip sort a.,2026-03-28 01:31:59,0.06
Rebeccahaven,22.0,Rainy,When entire ball his reach kind.,2026-01-11 19:13:03,1.24
Gallaghermouth,23.1,Snowy,Prevent campaign program physical race show.,2026-03-02 23:20:49,0.81
Johnsonland,13.35,Windy,Door create best who question.,2026-01-06 09:28:56,1.53
Lake Loriborough,6.71,Rainy,Employee just station after easy.,2026-01-01 16:24:23,2.2
Davismouth,2.52,Cloudy,Guess his happy.,2026-04-30 01:35:51,1.48
Jonathanstad,31.03,Windy,Expect benefit idea unit culture.,2026-03-18 08:42:47,2.77
Port Andre,30.97,Sunny,Range again language reach mission moment.,2026-03-08 16:39:28,0.28
Geoffreyhaven,31.64,Sunny,Car source imagine else evening.,2026-03-08 07:34:03,2.41
Barnettport,37.59,Sunny,Finally world may.,2026-01-19 14:32:05,2.76
Lake Daniel,35.36,Sunny,Catch their hair.,2026-02-19 22:47:01,2.78
Andrewburgh,6.57,Windy,Machine street every report house.,2026-05-02 23:12:10,0.43
Williamsville,-2.03,Cloudy,Yet put raise tough international.,2026-03-13 22:18:56,2.93
Lake Brian,7.29,Cloudy,Others who receive per animal big.,2026-01-09 10:36:03,2.14
West Jennifer,-8.83,Windy,Difficult mind president.,2026-03-20 08:13:07,1.61
Torresburgh,28.3,Rainy,Be attack more same special.,2026-01-29 09:42:16,1.69
Rodrigueztown,21.08,Rainy,Possible effect move their.,2026-04-05 07:15:35,2.21
Shortstad,-3.91,Cloudy,Seat better but how.,2026-02-27 02:58:33,2.76
Port Franktown,30.52,Windy,Method for certainly truth.,2026-02-15 15:14:00,0.14
East Deborah,34.04,Snowy,Can evening rock throw professional.,2026-05-02 12:12:48,1.47
Hoodport,23.54,Snowy,Meeting always free able.,2026-04-24 17:17:15,1.15
Kathleenland,16.59,Sunny,Wife staff model involve expert heart consumer.,2026-01-06 01:10:40,0.99
Campbellbury,15.27,Windy,Design high imagine nature until.,2026-02-04 04:36:59,1.66
North Natalie,24.27,Sunny,Always born nature scene computer.,2026-02-25 18:39:27,0.16
Stevensstad,7.76,Cloudy,Above issue easy floor ball purpose.,2026-04-21 03:06:00,2.94
Johnsonview,18.22,Snowy,Third way customer case news write there.,2026-04-15 23:05:19,0.47
North Charles,-6.32,Rainy,Market run his peace wall receive compare.,2026-04-15 21:43:49,0.09
West Kellyfort,16.84,Cloudy,Foreign in authority fear picture leg sea.,2026-04-07 18:03:50,0.92
New Phillip,0.5,Windy,Produce pay street expert ability here.,2026-02-09 11:23:47,1.48
New Danaland,13.58,Cloudy,Nice interest hospital interest six.,2026-01-23 19:30:34,2.44
North Jill,38.39,Snowy,Nice success fall cause instead clear finally responsibility.,2026-03-24 20:49:43,0.46
North Brianmouth,-6.47,Cloudy,Lead by factor mean outside.,2026-03-18 16:07:02,0.81
East Evanfurt,37.75,Rainy,Minute like strategy or.,2026-02-18 11:26:11,2.77
Timothyfurt,32.27,Snowy,Art happy full much best.,2026-01-21 02:50:54,0.87
West Timothy,30.27,Rainy,Fish listen water then full.,2026-02-19 01:13:35,1.59
South Joanna,16.73,Cloudy,Possible explain country visit school player these activity.,2026-01-01 00:43:29,1.71
Cortezside,34.05,Rainy,Main about traditional go at movie.,2026-04-06 09:49:06,2.54
Velezchester,27.53,Windy,Fast fight cultural treatment.,2026-03-10 05:44:23,0.47
Joshuatown,2.3,Snowy,Nature national now easy management number.,2026-01-22 21:59:56,1.09
New Andre,31.92,Sunny,Prepare street laugh expect seek recent room result.,2026-03-19 08:56:48,0.25
Barkerbury,14.25,Snowy,Interesting themselves clearly person argue station.,2026-02-27 08:08:54,2.53
Port James,22.63,Windy,Foot son main much.,2026-03-11 11:01:58,1.2
Charlesland,11.41,Cloudy,Write message work tell address.,2026-01-31 11:24:07,1.18
Teresaville,6.66,Snowy,Clear close join fear month kind.,2026-04-22 15:32:39,2.68
Juliantown,26.19,Rainy,Rich image call attention help establish.,2026-01-19 18:35:14,2.05
East Stacy,18.71,Windy,Ask school relationship star so share.,2026-02-13 10:22:57,2.49
West Norma,39.05,Windy,Indeed crime glass particularly.,2026-04-10 10:05:07,0.68
Gayview,-6.08,Windy,Check key live project.,2026-01-24 01:47:17,0.45
South Mason,10.16,Cloudy,Partner hear mission far item man four.,2026-01-04 10:40:22,0.98
Dorischester,14.46,Rainy,Land ago where the better family hear system.,2026-04-30 19:21:38,2.59
Bauershire,11.02,Cloudy,Occur financial rather almost car so.,2026-03-31 18:52:15,2.81
Vegaburgh,-7.05,Snowy,Sound teach rate history food anyone series bring.,2026-04-07 16:30:07,0.94
Amandaside,28.22,Windy,Possible reason appear into ground compare.,2026-03-08 04:36:47,2.17
North Darinside,-0.12,Sunny,Stage director join.,2026-02-06 19:42:43,2.12
